359.5083 -10.1054 -1737.91
359.5250 -10.1054 -1791.85
359.5417 -10.1054 -1802.21
359.5583 -10.1054 -1659.69
359.5750 -10.1054 -1373.44
359.5916 -10.1054 -1095.14
359.6083 -10.1054 -971.93
359.6250 -10.1054 -1011.37
359.6416 -10.1054 -1117.72
359.6583 -10.1054 -1214.71
359.6750 -10.1054 -1299.56
359.6917 -10.1054 -1386.35
359.7083 -10.1054 -1421.04
359.7250 -10.1054 -1299.57
359.7416 -10.1054 -991.26
359.7583 -10.1054 -614.20
359.7750 -10.1054 -376.64
359.7917 -10.1054 -461.40
359.8083 -10.1054 -928.10
359.8250 -10.1054 -1661.35
359.8416 -10.1054 -2419.51
359.8583 -10.1054 -2966.40
359.8750 -10.1054 -3162.60
359.8916 -10.1054 -2974.32
359.9083 -10.1054 -2481.38
359.9250 -10.1054 -1879.82
359.9417 -10.1054 -1380.53
359.9583 -10.1054 -1067.11
359.9750 -10.1054 -894.12
359.9916 -10.1054 -809.78
359.5083 -10.1218 -1701.76
359.5250 -10.1218 -1763.15
359.5417 -10.1218 -1794.00
359.5583 -10.1218 -1691.54
359.5750 -10.1218 -1458.79
359.5916 -10.1218 -1224.77
359.6083 -10.1218 -1117.18
359.6250 -10.1218 -1146.34
359.6416 -10.1218 -1234.66
359.6583 -10.1218 -1316.78
359.6750 -10.1218 -1382.75
359.6917 -10.1218 -1435.14
359.7083 -10.1218 -1429.18
359.7250 -10.1218 -1295.39
359.7416 -10.1218 -1032.53
359.7583 -10.1218 -746.24
359.7750 -10.1218 -589.52
359.7917 -10.1218 -688.23
359.8083 -10.1218 -1087.14
359.8250 -10.1218 -1703.08
359.8416 -10.1218 -2342.38
359.8583 -10.1218 -2804.94
359.8750 -10.1218 -2973.11
359.8916 -10.1218 -2823.84
359.9083 -10.1218 -2425.53
359.9250 -10.1218 -1935.79
359.9417 -10.1218 -1527.74
359.9583 -10.1218 -1278.84
359.9750 -10.1218 -1156.60
359.9916 -10.1218 -1106.26
359.5083 -10.1383 -1661.27
359.5250 -10.1383 -1722.03
359.5417 -10.1383 -1768.65
359.5583 -10.1383 -1718.27
359.5750 -10.1383 -1568.15
359.5916 -10.1383 -1408.72
359.6083 -10.1383 -1331.76
359.6250 -10.1383 -1349.05
359.6416 -10.1383 -1410.76
359.6583 -10.1383 -1466.65
359.6750 -10.1383 -1492.88
359.6917 -10.1383 -1476.81
359.7083 -10.1383 -1396.85
359.7250 -10.1383 -1242.85
359.7416 -10.1383 -1055.36
359.7583 -10.1383 -914.60
359.7750 -10.1383 -890.37
359.7917 -10.1383 -1027.17
359.8083 -10.1383 -1345.99
359.8250 -10.1383 -1804.18
359.8416 -10.1383 -2275.75
359.8583 -10.1383 -2618.66
359.8750 -10.1383 -2754.64
359.8916 -10.1383 -2678.96
359.9083 -10.1383 -2439.49
359.9250 -10.1383 -2129.54
359.9417 -10.1383 -1857.65
359.9583 -10.1383 -1686.84
359.9750 -10.1383 -1609.91
359.9916 -10.1383 -1586.17
359.5083 -10.1547 -1707.38
359.5250 -10.1547 -1739.32
359.5417 -10.1547 -1763.24
359.5583 -10.1547 -1736.03
359.5750 -10.1547 -1656.55
359.5916 -10.1547 -1571.49
359.6083 -10.1547 -1529.39
359.6250 -10.1547 -1540.94
359.6416 -10.1547 -1583.32
359.6583 -10.1547 -1616.46
359.6750 -10.1547 -1596.69
359.6917 -10.1547 -1498.30
359.7083 -10.1547 -1332.54
359.7250 -10.1547 -1152.55
359.7416 -10.1547 -1033.96
359.7583 -10.1547 -1029.51
359.7750 -10.1547 -1139.94
359.7917 -10.1547 -1343.55
359.8083 -10.1547 -1631.50
359.8250 -10.1547 -1979.15
359.8416 -10.1547 -2313.13
359.8583 -10.1547 -2552.83
359.8750 -10.1547 -2669.28
359.8916 -10.1547 -2679.06
359.9083 -10.1547 -2605.37
359.9250 -10.1547 -2471.42
359.9417 -10.1547 -2313.59
359.9583 -10.1547 -2173.70
359.9750 -10.1547 -2078.70
359.9916 -10.1547 -2033.82
359.5083 -10.1711 -1919.72
359.5250 -10.1711 -1891.87
359.5417 -10.1711 -1845.14
359.5583 -10.1711 -1790.59
359.5750 -10.1711 -1737.13
359.5916 -10.1711 -1694.53
359.6083 -10.1711 -1674.43
359.6250 -10.1711 -1686.52
359.6416 -10.1711 -1726.32
359.6583 -10.1711 -1754.46
359.6750 -10.1711 -1707.04
359.6917 -10.1711 -1550.77
359.7083 -10.1711 -1324.41
359.7250 -10.1711 -1120.87
359.7416 -10.1711 -1030.83
359.7583 -10.1711 -1094.33
359.7750 -10.1711 -1290.16
359.7917 -10.1711 -1568.32
359.8083 -10.1711 -1884.96
359.8250 -10.1711 -2197.11
359.8416 -10.1711 -2452.82
359.8583 -10.1711 -2622.71
359.8750 -10.1711 -2726.18
359.8916 -10.1711 -2797.92
359.9083 -10.1711 -2838.04
359.9250 -10.1711 -2813.66
359.9417 -10.1711 -2703.03
359.9583 -10.1711 -2528.02
359.9750 -10.1711 -2350.41
359.9916 -10.1711 -2240.03
359.5083 -10.1875 -2245.68
359.5250 -10.1875 -2153.68
359.5417 -10.1875 -2022.22
359.5583 -10.1875 -1910.58
359.5750 -10.1875 -1841.49
359.5916 -10.1875 -1804.29
359.6083 -10.1875 -1788.90
359.6250 -10.1875 -1802.40
359.6416 -10.1875 -1844.82
359.6583 -10.1875 -1873.22
359.6750 -10.1875 -1818.74
359.6917 -10.1875 -1654.35
359.7083 -10.1875 -1429.41
359.7250 -10.1875 -1232.16
359.7416 -10.1875 -1137.35
359.7583 -10.1875 -1187.76
359.7750 -10.1875 -1389.86
359.7917 -10.1875 -1705.92
359.8083 -10.1875 -2061.26
359.8250 -10.1875 -2371.95
359.8416 -10.1875 -2583.24
359.8583 -10.1875 -2701.80
359.8750 -10.1875 -2783.69
359.8916 -10.1875 -2872.63
359.9083 -10.1875 -2950.77
359.9250 -10.1875 -2954.19
359.9417 -10.1875 -2831.77
359.9583 -10.1875 -2595.36
359.9750 -10.1875 -2330.37
359.9916 -10.1875 -2155.78
359.5083 -10.2039 -2528.82
359.5250 -10.2039 -2406.62
359.5417 -10.2039 -2230.20
359.5583 -10.2039 -2079.03
359.5750 -10.2039 -1987.55
359.5916 -10.2039 -1943.72
359.6083 -10.2039 -1927.95
359.6250 -10.2039 -1935.10
359.6416 -10.2039 -1955.30
359.6583 -10.2039 -1951.14
359.6750 -10.2039 -1881.74
359.6917 -10.2039 -1749.40
359.7083 -10.2039 -1597.77
359.7250 -10.2039 -1466.06
359.7416 -10.2039 -1377.53
359.7583 -10.2039 -1373.86
359.7750 -10.2039 -1511.01
359.7917 -10.2039 -1792.79
359.8083 -10.2039 -2134.47
359.8250 -10.2039 -2416.22
359.8416 -10.2039 -2573.19
359.8583 -10.2039 -2634.88
359.8750 -10.2039 -2679.20
359.8916 -10.2039 -2749.30
359.9083 -10.2039 -2814.21
359.9250 -10.2039 -2800.72
359.9417 -10.2039 -2655.00
359.9583 -10.2039 -2389.44
359.9750 -10.2039 -2094.29
359.9916 -10.2039 -1899.37
359.5083 -10.2203 -2684.61
359.5250 -10.2203 -2585.24
359.5417 -10.2203 -2433.41
359.5583 -10.2203 -2293.00
359.5750 -10.2203 -2203.73
359.5916 -10.2203 -2164.93
359.6083 -10.2203 -2151.09
359.6250 -10.2203 -2132.27
359.6416 -10.2203 -2082.47
359.6583 -10.2203 -1989.02
359.6750 -10.2203 -1871.69
359.6917 -10.2203 -1779.22
359.7083 -10.2203 -1740.58
359.7250 -10.2203 -1725.06
359.7416 -10.2203 -1683.96
359.7583 -10.2203 -1637.23
359.7750 -10.2203 -1676.30
359.7917 -10.2203 -1854.64
359.8083 -10.2203 -2105.67
359.8250 -10.2203 -2299.12
359.8416 -10.2203 -2366.93
359.8583 -10.2203 -2353.60
359.8750 -10.2203 -2348.61
359.8916 -10.2203 -2390.19
359.9083 -10.2203 -2437.16
359.9250 -10.2203 -2414.46
359.9417 -10.2203 -2274.40
359.9583 -10.2203 -2032.89
359.9750 -10.2203 -1771.33
359.9916 -10.2203 -1600.82
359.5083 -10.2367 -2772.98
359.5250 -10.2367 -2737.82
359.5417 -10.2367 -2667.40
359.5583 -10.2367 -2583.23
359.5750 -10.2367 -2521.16
359.5916 -10.2367 -2494.88
359.6083 -10.2367 -2474.53
359.6250 -10.2367 -2405.23
359.6416 -10.2367 -2251.83
359.6583 -10.2367 -2039.37
359.6750 -10.2367 -1852.84
359.6917 -10.2367 -1780.03
359.7083 -10.2367 -1833.02
359.7250 -10.2367 -1925.48
359.7416 -10.2367 -1949.09
359.7583 -10.2367 -1887.11
359.7750 -10.2367 -1833.26
359.7917 -10.2367 -1875.39
359.8083 -10.2367 -1982.92
359.8250 -10.2367 -2044.25
359.8416 -10.2367 -2001.70
359.8583 -10.2367 -1909.36
359.8750 -10.2367 -1859.01
359.8916 -10.2367 -1883.29
359.9083 -10.2367 -1934.02
359.9250 -10.2367 -1931.34
359.9417 -10.2367 -1826.06
359.9583 -10.2367 -1634.07
359.9750 -10.2367 -1427.86
359.9916 -10.2367 -1295.85
359.5083 -10.2531 -2866.35
359.5250 -10.2531 -2906.33
359.5417 -10.2531 -2934.47
359.5583 -10.2531 -2921.50
359.5750 -10.2531 -2890.27
359.5916 -10.2531 -2865.36
359.6083 -10.2531 -2821.07
359.6250 -10.2531 -2695.58
359.6416 -10.2531 -2458.24
359.6583 -10.2531 -2162.98
359.6750 -10.2531 -1926.62
359.6917 -10.2531 -1844.13
359.7083 -10.2531 -1914.05
359.7250 -10.2531 -2035.30
359.7416 -10.2531 -2081.92
359.7583 -10.2531 -2007.33
359.7750 -10.2531 -1880.59
359.7917 -10.2531 -1796.84
359.8083 -10.2531 -1760.80
359.8250 -10.2531 -1698.37
359.8416 -10.2531 -1572.83
359.8583 -10.2531 -1437.20
359.8750 -10.2531 -1369.09
359.8916 -10.2531 -1392.20
359.9083 -10.2531 -1458.31
359.9250 -10.2531 -1484.23
359.9417 -10.2531 -1413.05
359.9583 -10.2531 -1258.72
359.9750 -10.2531 -1092.72
359.9916 -10.2531 -989.91
359.5083 -10.2695 -2924.13
359.5250 -10.2695 -3021.06
359.5417 -10.2695 -3126.48
359.5583 -10.2695 -3169.94
359.5750 -10.2695 -3155.69
359.5916 -10.2695 -3114.42
359.6083 -10.2695 -3038.37
359.6250 -10.2695 -2883.83
359.6416 -10.2695 -2633.10
359.6583 -10.2695 -2341.72
359.6750 -10.2695 -2107.88
359.6917 -10.2695 -1997.64
359.7083 -10.2695 -2002.75
359.7250 -10.2695 -2050.71
359.7416 -10.2695 -2045.74
359.7583 -10.2695 -1934.94
359.7750 -10.2695 -1754.93
359.7917 -10.2695 -1585.59
359.8083 -10.2695 -1454.80
359.8250 -10.2695 -1329.69
359.8416 -10.2695 -1194.85
359.8583 -10.2695 -1085.56
359.8750 -10.2695 -1043.87
359.8916 -10.2695 -1077.38
359.9083 -10.2695 -1146.55
359.9250 -10.2695 -1177.37
359.9417 -10.2695 -1113.11
359.9583 -10.2695 -970.57
359.9750 -10.2695 -825.04
359.9916 -10.2695 -741.20
359.5083 -10.2859 -2863.50
359.5250 -10.2859 -2988.28
359.5417 -10.2859 -3134.27
359.5583 -10.2859 -3206.17
359.5750 -10.2859 -3188.01
359.5916 -10.2859 -3113.20
359.6083 -10.2859 -3004.04
359.6250 -10.2859 -2853.72
359.6416 -10.2859 -2659.17
359.6583 -10.2859 -2452.27
359.6750 -10.2859 -2276.94
359.6917 -10.2859 -2149.63
359.7083 -10.2859 -2060.21
359.7250 -10.2859 -1987.41
359.7416 -10.2859 -1892.82
359.7583 -10.2859 -1736.97
359.7750 -10.2859 -1527.51
359.7917 -10.2859 -1318.95
359.8083 -10.2859 -1152.38
359.8250 -10.2859 -1032.82
359.8416 -10.2859 -960.43
359.8583 -10.2859 -938.99
359.8750 -10.2859 -960.46
359.8916 -10.2859 -1009.78
359.9083 -10.2859 -1061.00
359.9250 -10.2859 -1063.37
359.9417 -10.2859 -975.72
359.9583 -10.2859 -825.05
359.9750 -10.2859 -689.24
359.9916 -10.2859 -619.55
359.5083 -10.3023 -2697.66
359.5250 -10.3023 -2833.06
359.5417 -10.3023 -2995.59
359.5583 -10.3023 -3072.01
359.5750 -10.3023 -3024.49
359.5916 -10.3023 -2888.41
359.6083 -10.3023 -2723.69
359.6250 -10.3023 -2571.60
359.6416 -10.3023 -2447.92
359.6583 -10.3023 -2355.19
359.6750 -10.3023 -2275.89
359.6917 -10.3023 -2174.98
359.7083 -10.3023 -2039.79
359.7250 -10.3023 -1895.68
359.7416 -10.3023 -1756.01
359.7583 -10.3023 -1592.55
359.7750 -10.3023 -1384.01
359.7917 -10.3023 -1160.30
359.8083 -10.3023 -978.75
359.8250 -10.3023 -885.14
359.8416 -10.3023 -893.98
359.8583 -10.3023 -974.47
359.8750 -10.3023 -1066.84
359.8916 -10.3023 -1131.67
359.9083 -10.3023 -1155.82
359.9250 -10.3023 -1116.10
359.9417 -10.3023 -992.95
359.9583 -10.3023 -824.21
359.9750 -10.3023 -687.75
359.9916 -10.3023 -623.94
359.5083 -10.3187 -2523.52
359.5250 -10.3187 -2672.79
359.5417 -10.3187 -2852.91
359.5583 -10.3187 -2925.11
359.5750 -10.3187 -2825.61
359.5916 -10.3187 -2592.59
359.6083 -10.3187 -2326.70
359.6250 -10.3187 -2123.24
359.6416 -10.3187 -2027.48
359.6583 -10.3187 -2025.85
359.6750 -10.3187 -2052.98
359.6917 -10.3187 -2032.16
359.7083 -10.3187 -1945.33
359.7250 -10.3187 -1843.50
359.7416 -10.3187 -1761.14
359.7583 -10.3187 -1656.84
359.7750 -10.3187 -1473.23
359.7917 -10.3187 -1224.93
359.8083 -10.3187 -1000.89
359.8250 -10.3187 -898.17
359.8416 -10.3187 -950.61
359.8583 -10.3187 -1099.34
359.8750 -10.3187 -1242.33
359.8916 -10.3187 -1320.84
359.9083 -10.3187 -1331.05
359.9250 -10.3187 -1267.77
359.9417 -10.3187 -1120.51
359.9583 -10.3187 -927.77
359.9750 -10.3187 -769.37
359.9916 -10.3187 -691.85
359.5083 -10.3351 -2399.85
359.5250 -10.3351 -2573.14
359.5417 -10.3351 -2783.18
359.5583 -10.3351 -2857.64
359.5750 -10.3351 -2704.63
359.5916 -10.3351 -2364.48
359.6083 -10.3351 -1973.55
359.6250 -10.3351 -1677.19
359.6416 -10.3351 -1556.28
359.6583 -10.3351 -1597.95
359.6750 -10.3351 -1710.41
359.6917 -10.3351 -1793.33
359.7083 -10.3351 -1826.18
359.7250 -10.3351 -1865.27
359.7416 -10.3351 -1930.62
359.7583 -10.3351 -1939.10
359.7750 -10.3351 -1792.13
359.7917 -10.3351 -1502.45
359.8083 -10.3351 -1203.86
359.8250 -10.3351 -1047.61
359.8416 -10.3351 -1088.20
359.8583 -10.3351 -1250.95
359.8750 -10.3351 -1412.54
359.8916 -10.3351 -1508.92
359.9083 -10.3351 -1540.02
359.9250 -10.3351 -1495.04
359.9417 -10.3351 -1344.45
359.9583 -10.3351 -1113.36
359.9750 -10.3351 -895.06
359.9916 -10.3351 -772.21
359.5083 -10.3515 -2305.92
359.5250 -10.3515 -2500.66
359.5417 -10.3515 -2740.77
359.5583 -10.3515 -2828.97
359.5750 -10.3515 -2651.00
359.5916 -10.3515 -2244.67
359.6083 -10.3515 -1765.77
359.6250 -10.3515 -1390.88
359.6416 -10.3515 -1227.24
359.6583 -10.3515 -1268.91
359.6750 -10.3515 -1417.92
359.6917 -10.3515 -1574.58
359.7083 -10.3515 -1727.84
359.7250 -10.3515 -1930.10
359.7416 -10.3515 -2167.32
359.7583 -10.3515 -2304.73
359.7750 -10.3515 -2208.63
359.7917 -10.3515 -1897.47
359.8083 -10.3515 -1542.28
359.8250 -10.3515 -1328.27
359.8416 -10.3515 -1319.95
359.8583 -10.3515 -1443.44
359.8750 -10.3515 -1589.14
359.8916 -10.3515 -1712.11
359.9083 -10.3515 -1808.21
359.9250 -10.3515 -1826.64
359.9417 -10.3515 -1685.02
359.9583 -10.3515 -1386.26
359.9750 -10.3515 -1057.53
359.9916 -10.3515 -851.65
359.5083 -10.3679 -2216.74
359.5250 -10.3679 -2412.18
359.5417 -10.3679 -2661.00
359.5583 -10.3679 -2767.06
359.5750 -10.3679 -2606.44
359.5916 -10.3679 -2205.15
359.6083 -10.3679 -1714.78
359.6250 -10.3679 -1318.07
359.6416 -10.3679 -1130.73
359.6583 -10.3679 -1149.70
359.6750 -10.3679 -1282.96
359.6917 -10.3679 -1450.71
359.7083 -10.3679 -1662.79
359.7250 -10.3679 -1969.07
359.7416 -10.3679 -2327.28
359.7583 -10.3679 -2570.29
359.7750 -10.3679 -2548.14
359.7917 -10.3679 -2281.67
359.8083 -10.3679 -1947.74
359.8250 -10.3679 -1723.72
359.8416 -10.3679 -1661.75
359.8583 -10.3679 -1704.16
359.8750 -10.3679 -1796.22
359.8916 -10.3679 -1943.51
359.9083 -10.3679 -2133.76
359.9250 -10.3679 -2245.34
359.9417 -10.3679 -2115.19
359.9583 -10.3679 -1719.76
359.9750 -10.3679 -1237.99
359.9916 -10.3679 -918.74
359.5083 -10.3843 -2167.89
359.5250 -10.3843 -2332.73
359.5417 -10.3843 -2552.61
359.5583 -10.3843 -2663.92
359.5750 -10.3843 -2546.57
359.5916 -10.3843 -2203.36
359.6083 -10.3843 -1760.23
359.6250 -10.3843 -1389.53
359.6416 -10.3843 -1205.99
359.6583 -10.3843 -1204.94
359.6750 -10.3843 -1299.99
359.6917 -10.3843 -1431.52
359.7083 -10.3843 -1628.15
359.7250 -10.3843 -1941.42
359.7416 -10.3843 -2324.27
359.7583 -10.3843 -2614.98
359.7750 -10.3843 -2673.90
359.7917 -10.3843 -2519.10
359.8083 -10.3843 -2298.75
359.8250 -10.3843 -2138.55
359.8416 -10.3843 -2050.13
359.8583 -10.3843 -1995.19
359.8750 -10.3843 -2000.84
359.8916 -10.3843 -2148.94
359.9083 -10.3843 -2425.86
359.9250 -10.3843 -2631.15
359.9417 -10.3843 -2512.10
359.9583 -10.3843 -2014.96
359.9750 -10.3843 -1371.59
359.9916 -10.3843 -932.02
359.5083 -10.4007 -2213.54
359.5250 -10.4007 -2318.72
359.5417 -10.4007 -2469.28
359.5583 -10.4007 -2556.64
359.5750 -10.4007 -2474.38
359.5916 -10.4007 -2195.17
359.6083 -10.4007 -1809.43
359.6250 -10.4007 -1477.87
359.6416 -10.4007 -1317.92
359.6583 -10.4007 -1321.87
359.6750 -10.4007 -1397.54
359.6917 -10.4007 -1487.34
359.7083 -10.4007 -1624.60
359.7250 -10.4007 -1865.34
359.7416 -10.4007 -2180.60
359.7583 -10.4007 -2445.64
359.7750 -10.4007 -2554.05
359.7917 -10.4007 -2525.48
359.8083 -10.4007 -2465.96
359.8250 -10.4007 -2426.72
359.8416 -10.4007 -2357.67
359.8583 -10.4007 -2227.36
359.8750 -10.4007 -2140.11
359.8916 -10.4007 -2255.93
359.9083 -10.4007 -2571.79
359.9250 -10.4007 -2831.46
359.9417 -10.4007 -2714.18
359.9583 -10.4007 -2138.73
359.9750 -10.4007 -1371.19
359.9916 -10.4007 -837.78
359.5083 -10.4170 -2324.06
359.5250 -10.4170 -2362.42
359.5417 -10.4170 -2427.00
359.5583 -10.4170 -2464.27
359.5750 -10.4170 -2384.85
359.5916 -10.4170 -2136.97
359.6083 -10.4170 -1784.23
359.6250 -10.4170 -1485.80
359.6416 -10.4170 -1366.99
359.6583 -10.4170 -1411.47
359.6750 -10.4170 -1504.95
359.6917 -10.4170 -1572.62
359.7083 -10.4170 -1642.44
359.7250 -10.4170 -1778.55
359.7416 -10.4170 -1980.16
359.7583 -10.4170 -2168.09
359.7750 -10.4170 -2276.55
359.7917 -10.4170 -2335.12
359.8083 -10.4170 -2416.23
359.8250 -10.4170 -2504.50
359.8416 -10.4170 -2490.37
359.8583 -10.4170 -2334.19
359.8750 -10.4170 -2182.53
359.8916 -10.4170 -2241.19
359.9083 -10.4170 -2521.26
359.9250 -10.4170 -2756.45
359.9417 -10.4170 -2612.71
359.9583 -10.4170 -2000.83
359.9750 -10.4170 -1189.87
359.9916 -10.4170 -624.54
359.5083 -10.4334 -2370.31
359.5250 -10.4334 -2371.90
359.5417 -10.4334 -2381.57
359.5583 -10.4334 -2371.53
359.5750 -10.4334 -2265.78
359.5916 -10.4334 -2009.14
359.6083 -10.4334 -1663.53
359.6250 -10.4334 -1397.12
359.6416 -10.4334 -1336.42
359.6583 -10.4334 -1443.72
359.6750 -10.4334 -1574.12
359.6917 -10.4334 -1634.20
359.7083 -10.4334 -1649.86
359.7250 -10.4334 -1695.16
359.7416 -10.4334 -1792.55
359.7583 -10.4334 -1898.98
359.7750 -10.4334 -1982.51
359.7917 -10.4334 -2081.72
359.8083 -10.4334 -2244.87
359.8250 -10.4334 -2416.49
359.8416 -10.4334 -2457.61
359.8583 -10.4334 -2319.30
359.8750 -10.4334 -2144.32
359.8916 -10.4334 -2130.31
359.9083 -10.4334 -2294.25
359.9250 -10.4334 -2411.43
359.9417 -10.4334 -2206.07
359.9583 -10.4334 -1613.93
359.9750 -10.4334 -872.12
359.9916 -10.4334 -363.76
359.5083 -10.4498 -2261.00
359.5250 -10.4498 -2277.67
359.5417 -10.4498 -2293.96
359.5583 -10.4498 -2265.42
359.5750 -10.4498 -2124.81
359.5916 -10.4498 -1841.69
359.6083 -10.4498 -1500.51
359.6250 -10.4498 -1273.88
359.6416 -10.4498 -1268.88
359.6583 -10.4498 -1419.18
359.6750 -10.4498 -1566.11
359.6917 -10.4498 -1621.34
359.7083 -10.4498 -1616.19
359.7250 -10.4498 -1620.39
359.7416 -10.4498 -1658.30
359.7583 -10.4498 -1711.01
359.7750 -10.4498 -1776.06
359.7917 -10.4498 -1893.83
359.8083 -10.4498 -2086.13
359.8250 -10.4498 -2280.04
359.8416 -10.4498 -2345.91
359.8583 -10.4498 -2238.64
359.8750 -10.4498 -2064.57
359.8916 -10.4498 -1967.78
359.9083 -10.4498 -1961.36
359.9250 -10.4498 -1900.07
359.9417 -10.4498 -1621.81
359.9583 -10.4498 -1114.68
359.9750 -10.4498 -554.61
359.9916 -10.4498 -190.62
359.5083 -10.4662 -2078.19
359.5250 -10.4662 -2139.81
359.5417 -10.4662 -2198.59
359.5583 -10.4662 -2172.38
359.5750 -10.4662 -2006.67
359.5916 -10.4662 -1713.35
359.6083 -10.4662 -1398.26
359.6250 -10.4662 -1210.46
359.6416 -10.4662 -1215.33
359.6583 -10.4662 -1334.98
359.6750 -10.4662 -1445.63
359.6917 -10.4662 -1502.50
359.7083 -10.4662 -1538.11
359.7250 -10.4662 -1578.39
359.7416 -10.4662 -1611.83
359.7583 -10.4662 -1634.04
359.7750 -10.4662 -1681.75
359.7917 -10.4662 -1802.18
359.8083 -10.4662 -1988.56
359.8250 -10.4662 -2158.73
359.8416 -10.4662 -2213.70
359.8583 -10.4662 -2126.28
359.8750 -10.4662 -1960.20
359.8916 -10.4662 -1791.81
359.9083 -10.4662 -1625.54
359.9250 -10.4662 -1402.24
359.9417 -10.4662 -1083.98
359.9583 -10.4662 -716.14
359.9750 -10.4662 -402.13
359.9916 -10.4662 -228.02
359.5083 -10.4826 -2014.82
359.5250 -10.4826 -2101.85
359.5417 -10.4826 -2178.67
359.5583 -10.4826 -2145.27
359.5750 -10.4826 -1972.70
359.5916 -10.4826 -1707.89
359.6083 -10.4826 -1444.65
359.6250 -10.4826 -1268.86
359.6416 -10.4826 -1197.54
359.6583 -10.4826 -1184.13
359.6750 -10.4826 -1200.58
359.6917 -10.4826 -1275.99
359.7083 -10.4826 -1424.84
359.7250 -10.4826 -1581.33
359.7416 -10.4826 -1657.51
359.7583 -10.4826 -1651.56
359.7750 -10.4826 -1652.74
359.7917 -10.4826 -1736.21
359.8083 -10.4826 -1880.38
359.8250 -10.4826 -1996.22
359.8416 -10.4826 -2014.60
359.8583 -10.4826 -1933.14
359.8750 -10.4826 -1789.39
359.8916 -10.4826 -1605.49
359.9083 -10.4826 -1370.99
359.9250 -10.4826 -1083.38
359.9417 -10.4826 -793.69
359.9583 -10.4826 -588.30
359.9750 -10.4826 -510.17
359.9916 -10.4826 -510.12
359.5083 -10.4990 -2166.02
359.5250 -10.4990 -2230.99
359.5417 -10.4990 -2269.49
359.5583 -10.4990 -2204.91
359.5750 -10.4990 -2043.54
359.5916 -10.4990 -1840.40
359.6083 -10.4990 -1635.27
359.6250 -10.4990 -1426.28
359.6416 -10.4990 -1196.44
359.6583 -10.4990 -973.51
359.6750 -10.4990 -860.55
359.6917 -10.4990 -963.74
359.7083 -10.4990 -1260.02
359.7250 -10.4990 -1571.45
359.7416 -10.4990 -1717.83
359.7583 -10.4990 -1685.29
359.7750 -10.4990 -1609.69
359.7917 -10.4990 -1607.27
359.8083 -10.4990 -1664.13
359.8250 -10.4990 -1694.01
359.8416 -10.4990 -1653.53
359.8583 -10.4990 -1570.86
359.8750 -10.4990 -1482.98
359.8916 -10.4990 -1378.39
359.9083 -10.4990 -1216.09
359.9250 -10.4990 -998.18
359.9417 -10.4990 -808.40
359.9583 -10.4990 -751.90
359.9750 -10.4990 -840.36
359.9916 -10.4990 -953.29
359.5083 -10.5154 -2429.95
359.5250 -10.5154 -2442.20
359.5417 -10.5154 -2409.51
359.5583 -10.5154 -2302.99
359.5750 -10.5154 -2159.52
359.5916 -10.5154 -2018.44
359.6083 -10.5154 -1851.21
359.6250 -10.5154 -1578.66
359.6416 -10.5154 -1172.26
359.6583 -10.5154 -742.14
359.6750 -10.5154 -503.99
359.6917 -10.5154 -615.35
359.7083 -10.5154 -1015.84
359.7250 -10.5154 -1447.03
359.7416 -10.5154 -1664.62
359.7583 -10.5154 -1633.41
359.7750 -10.5154 -1500.58
359.7917 -10.5154 -1402.52
359.8083 -10.5154 -1342.17
359.8250 -10.5154 -1253.89
359.8416 -10.5154 -1129.48
359.8583 -10.5154 -1039.17
359.8750 -10.5154 -1041.66
359.8916 -10.5154 -1105.19
359.9083 -10.5154 -1136.98
359.9250 -10.5154 -1091.89
359.9417 -10.5154 -1035.71
359.9583 -10.5154 -1077.38
359.9750 -10.5154 -1233.02
359.9916 -10.5154 -1380.66
359.5083 -10.5318 -2625.29
359.5250 -10.5318 -2592.71
359.5417 -10.5318 -2503.58
359.5583 -10.5318 -2365.62
359.5750 -10.5318 -2228.45
359.5916 -10.5318 -2113.21
359.6083 -10.5318 -1951.68
359.6250 -10.5318 -1629.82
359.6416 -10.5318 -1121.25
359.6583 -10.5318 -578.80
359.6750 -10.5318 -262.33
359.6917 -10.5318 -339.88
359.7083 -10.5318 -738.19
359.7250 -10.5318 -1191.50
359.7416 -10.5318 -1453.86
359.7583 -10.5318 -1471.48
359.7750 -10.5318 -1353.77
359.7917 -10.5318 -1207.86
359.8083 -10.5318 -1041.41
359.8250 -10.5318 -825.41
359.8416 -10.5318 -603.20
359.8583 -10.5318 -496.55
359.8750 -10.5318 -596.65
359.8916 -10.5318 -859.34
359.9083 -10.5318 -1129.21
359.9250 -10.5318 -1281.92
359.9417 -10.5318 -1332.63
359.9583 -10.5318 -1387.95
359.9750 -10.5318 -1501.50
359.9916 -10.5318 -1606.94
359.5083 -10.5481 -2667.27
359.5250 -10.5481 -2624.45
359.5417 -10.5481 -2524.92
359.5583 -10.5481 -2378.82
359.5750 -10.5481 -2227.26
359.5916 -10.5481 -2089.00
359.6083 -10.5481 -1908.88
359.6250 -10.5481 -1590.22
359.6416 -10.5481 -1109.92
359.6583 -10.5481 -599.86
359.6750 -10.5481 -281.03
359.6917 -10.5481 -293.70
359.7083 -10.5481 -583.56
359.7250 -10.5481 -950.74
359.7416 -10.5481 -1209.51
359.7583 -10.5481 -1300.50
359.7750 -10.5481 -1262.61
359.7917 -10.5481 -1133.17
359.8083 -10.5481 -908.82
359.8250 -10.5481 -601.66
359.8416 -10.5481 -306.31
359.8583 -10.5481 -184.77
359.8750 -10.5481 -355.29
359.8916 -10.5481 -772.21
359.9083 -10.5481 -1231.86
359.9250 -10.5481 -1529.87
359.9417 -10.5481 -1616.86
359.9583 -10.5481 -1592.43
359.9750 -10.5481 -1568.17
359.9916 -10.5481 -1569.81
359.5083 -10.5645 -2612.01
359.5250 -10.5645 -2596.96
359.5417 -10.5645 -2536.15
359.5583 -10.5645 -2408.14
359.5750 -10.5645 -2229.70
359.5916 -10.5645 -2033.88
359.6083 -10.5645 -1821.29
359.6250 -10.5645 -1551.33
359.6416 -10.5645 -1203.72
359.6583 -10.5645 -843.36
359.6750 -10.5645 -596.44
359.6917 -10.5645 -551.79
359.7083 -10.5645 -689.85
359.7250 -10.5645 -909.29
359.7416 -10.5645 -1112.00
359.7583 -10.5645 -1247.47
359.7750 -10.5645 -1288.44
359.7917 -10.5645 -1204.59
359.8083 -10.5645 -983.33
359.8250 -10.5645 -668.26
359.8416 -10.5645 -374.88
359.8583 -10.5645 -265.88
359.8750 -10.5645 -466.78
359.8916 -10.5645 -947.36
359.9083 -10.5645 -1494.29
359.9250 -10.5645 -1851.39
359.9417 -10.5645 -1907.18
359.9583 -10.5645 -1744.95
359.9750 -10.5645 -1533.69
359.9916 -10.5645 -1401.88
359.5083 -10.5809 -2573.15
359.5250 -10.5809 -2609.57
359.5417 -10.5809 -2617.55
359.5583 -10.5809 -2526.27
359.5750 -10.5809 -2321.72
359.5916 -10.5809 -2054.96
359.6083 -10.5809 -1792.90
359.6250 -10.5809 -1565.30
359.6416 -10.5809 -1363.96
359.6583 -10.5809 -1184.06
359.6750 -10.5809 -1047.96
359.6917 -10.5809 -985.97
359.7083 -10.5809 -1004.62
359.7250 -10.5809 -1084.84
359.7416 -10.5809 -1202.18
359.7583 -10.5809 -1322.90
359.7750 -10.5809 -1388.07
359.7917 -10.5809 -1340.64
359.8083 -10.5809 -1176.72
359.8250 -10.5809 -952.35
359.8416 -10.5809 -757.47
359.8583 -10.5809 -707.30
359.8750 -10.5809 -911.43
359.8916 -10.5809 -1370.65
359.9083 -10.5809 -1905.88
359.9250 -10.5809 -2251.27
359.9417 -10.5809 -2249.69
359.9583 -10.5809 -1958.15
359.9750 -10.5809 -1581.90
359.9916 -10.5809 -1333.06
359.5083 -10.5973 -2635.30
359.5250 -10.5973 -2722.31
359.5417 -10.5973 -2795.26
359.5583 -10.5973 -2737.88
359.5750 -10.5973 -2510.43
359.5916 -10.5973 -2173.45
359.6083 -10.5973 -1839.91
359.6250 -10.5973 -1600.37
359.6416 -10.5973 -1475.02
359.6583 -10.5973 -1422.43
359.6750 -10.5973 -1388.62
359.6917 -10.5973 -1350.01
359.7083 -10.5973 -1316.83
359.7250 -10.5973 -1312.96
359.7416 -10.5973 -1354.65
359.7583 -10.5973 -1424.71
359.7750 -10.5973 -1468.88
359.7917 -10.5973 -1445.95
359.8083 -10.5973 -1374.13
359.8250 -10.5973 -1302.16
359.8416 -10.5973 -1263.57
359.8583 -10.5973 -1301.27
359.8750 -10.5973 -1495.42
359.8916 -10.5973 -1881.76
359.9083 -10.5973 -2341.09
359.9250 -10.5973 -2635.83
359.9417 -10.5973 -2591.75
359.9583 -10.5973 -2239.98
359.9750 -10.5973 -1790.01
359.9916 -10.5973 -1488.27
359.5083 -10.6137 -2827.16
359.5250 -10.6137 -2938.16
359.5417 -10.6137 -3035.13
359.5583 -10.6137 -2978.64
359.5750 -10.6137 -2720.17
359.5916 -10.6137 -2321.14
359.6083 -10.6137 -1908.40
359.6250 -10.6137 -1607.53
359.6416 -10.6137 -1476.06
359.6583 -10.6137 -1475.11
359.6750 -10.6137 -1511.53
359.6917 -10.6137 -1516.62
359.7083 -10.6137 -1484.74
359.7250 -10.6137 -1451.99
359.7416 -10.6137 -1451.41
359.7583 -10.6137 -1478.90
359.7750 -10.6137 -1500.77
359.7917 -10.6137 -1504.84
359.8083 -10.6137 -1524.92
359.8250 -10.6137 -1590.50
359.8416 -10.6137 -1683.16
359.8583 -10.6137 -1788.20
359.8750 -10.6137 -1958.42
359.8916 -10.6137 -2252.10
359.9083 -10.6137 -2605.74
359.9250 -10.6137 -2830.53
359.9417 -10.6137 -2769.63
359.9583 -10.6137 -2444.82
359.9750 -10.6137 -2041.30
359.9916 -10.6137 -1774.53
359.5083 -10.6301 -3116.07
359.5250 -10.6301 -3210.92
359.5417 -10.6301 -3270.74
359.5583 -10.6301 -3162.57
359.5750 -10.6301 -2852.88
359.5916 -10.6301 -2405.18
359.6083 -10.6301 -1936.40
359.6250 -10.6301 -1577.81
359.6416 -10.6301 -1415.97
359.6583 -10.6301 -1433.41
359.6750 -10.6301 -1522.59
359.6917 -10.6301 -1577.68
359.7083 -10.6301 -1568.58
359.7250 -10.6301 -1532.16
359.7416 -10.6301 -1512.51
359.7583 -10.6301 -1518.33
359.7750 -10.6301 -1534.39
359.7917 -10.6301 -1563.20
359.8083 -10.6301 -1632.82
359.8250 -10.6301 -1751.67
359.8416 -10.6301 -1882.01
359.8583 -10.6301 -1993.97
359.8750 -10.6301 -2126.52
359.8916 -10.6301 -2337.76
359.9083 -10.6301 -2590.00
359.9250 -10.6301 -2738.33
359.9417 -10.6301 -2667.86
359.9583 -10.6301 -2416.22
359.9750 -10.6301 -2135.34
359.9916 -10.6301 -1963.78
359.5083 -10.6464 -3377.28
359.5250 -10.6464 -3426.80
359.5417 -10.6464 -3406.75
359.5583 -10.6464 -3212.49
359.5750 -10.6464 -2843.46
359.5916 -10.6464 -2372.63
359.6083 -10.6464 -1899.05
359.6250 -10.6464 -1538.37
359.6416 -10.6464 -1385.76
359.6583 -10.6464 -1440.33
359.6750 -10.6464 -1589.10
359.6917 -10.6464 -1697.76
359.7083 -10.6464 -1712.44
359.7250 -10.6464 -1668.91
359.7416 -10.6464 -1625.28
359.7583 -10.6464 -1608.52
359.7750 -10.6464 -1617.74
359.7917 -10.6464 -1650.07
359.8083 -10.6464 -1706.92
359.8250 -10.6464 -1780.04
359.8416 -10.6464 -1848.77
359.8583 -10.6464 -1910.98
359.8750 -10.6464 -2008.49
359.8916 -10.6464 -2179.46
359.9083 -10.6464 -2373.12
359.9250 -10.6464 -2459.07
359.9417 -10.6464 -2362.01
359.9583 -10.6464 -2154.16
359.9750 -10.6464 -1973.16
359.9916 -10.6464 -1886.59
359.5083 -10.6628 -3391.14
359.5250 -10.6628 -3402.00
359.5417 -10.6628 -3319.25
359.5583 -10.6628 -3068.43
359.5750 -10.6628 -2680.78
359.5916 -10.6628 -2239.60
359.6083 -10.6628 -1826.80
359.6250 -10.6628 -1533.48
359.6416 -10.6628 -1444.80
359.6583 -10.6628 -1563.85
359.6750 -10.6628 -1777.24
359.6917 -10.6628 -1935.44
359.7083 -10.6628 -1965.49
359.7250 -10.6628 -1897.80
359.7416 -10.6628 -1805.74
359.7583 -10.6628 -1744.43
359.7750 -10.6628 -1731.18
359.7917 -10.6628 -1747.26
359.8083 -10.6628 -1755.62
359.8250 -10.6628 -1733.88
359.8416 -10.6628 -1695.35
359.8583 -10.6628 -1686.28
359.8750 -10.6628 -1764.93
359.8916 -10.6628 -1946.88
359.9083 -10.6628 -2144.05
359.9250 -10.6628 -2203.15
359.9417 -10.6628 -2059.70
359.9583 -10.6628 -1821.16
359.9750 -10.6628 -1644.76
359.9916 -10.6628 -1577.27
359.5083 -10.6792 -2958.25
359.5250 -10.6792 -2976.70
359.5417 -10.6792 -2914.37
359.5583 -10.6792 -2707.75
359.5750 -10.6792 -2398.17
359.5916 -10.6792 -2067.68
359.6083 -10.6792 -1781.72
359.6250 -10.6792 -1606.69
359.6416 -10.6792 -1609.11
359.6583 -10.6792 -1790.60
359.6750 -10.6792 -2047.91
359.6917 -10.6792 -2234.17
359.7083 -10.6792 -2262.32
359.7250 -10.6792 -2148.44
359.7416 -10.6792 -1977.49
359.7583 -10.6792 -1843.88
359.7750 -10.6792 -1796.10
359.7917 -10.6792 -1803.66
359.8083 -10.6792 -1788.28
359.8250 -10.6792 -1704.40
359.8416 -10.6792 -1583.93
359.8583 -10.6792 -1511.91
359.8750 -10.6792 -1572.89
359.8916 -10.6792 -1781.37
359.9083 -10.6792 -2020.95
359.9250 -10.6792 -2097.01
359.9417 -10.6792 -1921.04
359.9583 -10.6792 -1614.63
359.9750 -10.6792 -1371.95
359.9916 -10.6792 -1267.29
359.5083 -10.6956 -2098.13
359.5250 -10.6956 -2180.05
359.5417 -10.6956 -2235.43
359.5583 -10.6956 -2185.73
359.5750 -10.6956 -2055.12
359.5916 -10.6956 -1909.48
359.6083 -10.6956 -1797.62
359.6250 -10.6956 -1764.44
359.6416 -10.6956 -1855.89
359.6583 -10.6956 -2072.49
359.6750 -10.6956 -2333.67
359.6917 -10.6956 -2513.10
359.7083 -10.6956 -2516.04
359.7250 -10.6956 -2335.17
359.7416 -10.6956 -2057.88
359.7583 -10.6956 -1823.08
359.7750 -10.6956 -1729.41
359.7917 -10.6956 -1755.80
359.8083 -10.6956 -1789.28
359.8250 -10.6956 -1738.54
359.8416 -10.6956 -1609.75
359.8583 -10.6956 -1494.03
359.8750 -10.6956 -1507.98
359.8916 -10.6956 -1702.84
359.9083 -10.6956 -1975.06
359.9250 -10.6956 -2105.46
359.9417 -10.6956 -1962.78
359.9583 -10.6956 -1645.22
359.9750 -10.6956 -1361.84
359.9916 -10.6956 -1223.30
359.5083 -10.7120 -1126.02
359.5250 -10.7120 -1292.43
359.5417 -10.7120 -1501.34
359.5583 -10.7120 -1647.38
359.5750 -10.7120 -1725.51
359.5916 -10.7120 -1780.49
359.6083 -10.7120 -1847.56
359.6250 -10.7120 -1952.95
359.6416 -10.7120 -2119.10
359.6583 -10.7120 -2341.72
359.6750 -10.7120 -2567.90
359.6917 -10.7120 -2706.36
359.7083 -10.7120 -2667.25
359.7250 -10.7120 -2417.64
359.7416 -10.7120 -2030.98
359.7583 -10.7120 -1678.90
359.7750 -10.7120 -1522.82
359.7917 -10.7120 -1583.01
359.8083 -10.7120 -1730.61
359.8250 -10.7120 -1807.77
359.8416 -10.7120 -1746.94
359.8583 -10.7120 -1608.28
359.8750 -10.7120 -1538.73
359.8916 -10.7120 -1657.13
359.9083 -10.7120 -1920.49
359.9250 -10.7120 -2126.01
359.9417 -10.7120 -2104.91
359.9583 -10.7120 -1894.31
359.9750 -10.7120 -1668.24
359.9916 -10.7120 -1546.62
359.5083 -10.7283 -446.78
359.5250 -10.7283 -665.98
359.5417 -10.7283 -974.13
359.5583 -10.7283 -1251.27
359.5750 -10.7283 -1473.64
359.5916 -10.7283 -1672.69
359.6083 -10.7283 -1875.02
359.6250 -10.7283 -2088.87
359.6416 -10.7283 -2307.78
359.6583 -10.7283 -2513.21
359.6750 -10.7283 -2675.93
359.6917 -10.7283 -2750.35
359.7083 -10.7283 -2671.74
359.7250 -10.7283 -2389.61
359.7416 -10.7283 -1943.19
359.7583 -10.7283 -1503.22
359.7750 -10.7283 -1282.39
359.7917 -10.7283 -1364.44
359.8083 -10.7283 -1632.20
359.8250 -10.7283 -1865.31
359.8416 -10.7283 -1905.18
359.8583 -10.7283 -1761.92
359.8750 -10.7283 -1602.68
359.8916 -10.7283 -1615.97
359.9083 -10.7283 -1839.41
359.9250 -10.7283 -2119.60
359.9417 -10.7283 -2270.22
359.9583 -10.7283 -2251.86
359.9750 -10.7283 -2164.59
359.9916 -10.7283 -2106.29
359.5083 -10.7447 -236.01
359.5250 -10.7447 -451.58
359.5417 -10.7447 -763.69
359.5583 -10.7447 -1062.22
359.5750 -10.7447 -1324.90
359.5916 -10.7447 -1580.43
359.6083 -10.7447 -1848.68
359.6250 -10.7447 -2118.97
359.6416 -10.7447 -2354.88
359.6583 -10.7447 -2518.91
359.6750 -10.7447 -2599.84
359.6917 -10.7447 -2602.99
359.7083 -10.7447 -2507.49
359.7250 -10.7447 -2259.09
359.7416 -10.7447 -1848.39
359.7583 -10.7447 -1403.33
359.7750 -10.7447 -1149.73
359.7917 -10.7447 -1229.46
359.8083 -10.7447 -1562.46
359.8250 -10.7447 -1899.92
359.8416 -10.7447 -2017.47
359.8583 -10.7447 -1882.89
359.8750 -10.7447 -1670.57
359.8916 -10.7447 -1611.76
359.9083 -10.7447 -1802.54
359.9250 -10.7447 -2138.50
359.9417 -10.7447 -2434.43
359.9583 -10.7447 -2592.92
359.9750 -10.7447 -2643.04
359.9916 -10.7447 -2651.55
359.5083 -10.7611 -363.83
359.5250 -10.7611 -538.19
359.5417 -10.7611 -792.65
359.5583 -10.7611 -1043.10
359.5750 -10.7611 -1278.65
359.5916 -10.7611 -1526.42
359.6083 -10.7611 -1796.40
359.6250 -10.7611 -2061.42
359.6416 -10.7611 -2266.22
359.6583 -10.7611 -2363.50
359.6750 -10.7611 -2358.05
359.6917 -10.7611 -2300.59
359.7083 -10.7611 -2217.31
359.7250 -10.7611 -2060.80
359.7416 -10.7611 -1773.22
359.7583 -10.7611 -1413.44
359.7750 -10.7611 -1176.53
359.7917 -10.7611 -1234.88
359.8083 -10.7611 -1559.34
359.8250 -10.7611 -1918.53
359.8416 -10.7611 -2068.55
359.8583 -10.7611 -1955.96
359.8750 -10.7611 -1751.13
359.8916 -10.7611 -1691.28
359.9083 -10.7611 -1884.79
359.9250 -10.7611 -2246.39
359.9417 -10.7611 -2600.33
359.9583 -10.7611 -2832.03
359.9750 -10.7611 -2940.49
359.9916 -10.7611 -2977.25
359.5083 -10.7775 -617.62
359.5250 -10.7775 -744.52
359.5417 -10.7775 -935.73
359.5583 -10.7775 -1136.61
359.5750 -10.7775 -1341.19
359.5916 -10.7775 -1563.02
359.6083 -10.7775 -1795.18
359.6250 -10.7775 -2002.18
359.6416 -10.7775 -2131.99
359.6583 -10.7775 -2146.16
359.6750 -10.7775 -2064.77
359.6917 -10.7775 -1967.08
359.7083 -10.7775 -1912.48
359.7250 -10.7775 -1863.69
359.7416 -10.7775 -1728.27
359.7583 -10.7775 -1495.77
359.7750 -10.7775 -1303.78
359.7917 -10.7775 -1325.57
359.8083 -10.7775 -1585.20
359.8250 -10.7775 -1905.02
359.8416 -10.7775 -2060.40
359.8583 -10.7775 -1990.68
359.8750 -10.7775 -1849.44
359.8916 -10.7775 -1849.90
359.9083 -10.7775 -2074.15
359.9250 -10.7775 -2425.34
359.9417 -10.7775 -2738.68
359.9583 -10.7775 -2920.72
359.9750 -10.7775 -2987.35
359.9916 -10.7775 -3000.27
359.5083 -10.7938 -907.25
359.5250 -10.7938 -990.10
359.5417 -10.7938 -1131.10
359.5583 -10.7938 -1307.88
359.5750 -10.7938 -1510.68
359.5916 -10.7938 -1723.01
359.6083 -10.7938 -1910.97
359.6250 -10.7938 -2037.07
359.6416 -10.7938 -2070.73
359.6583 -10.7938 -1997.54
359.6750 -10.7938 -1852.32
359.6917 -10.7938 -1727.17
359.7083 -10.7938 -1697.81
359.7250 -10.7938 -1735.05
359.7416 -10.7938 -1726.00
359.7583 -10.7938 -1604.28
359.7750 -10.7938 -1445.65
359.7917 -10.7938 -1408.93
359.8083 -10.7938 -1568.73
359.8250 -10.7938 -1819.89
359.8416 -10.7938 -1977.51
359.8583 -10.7938 -1973.56
359.8750 -10.7938 -1925.96
359.8916 -10.7938 -2003.89
359.9083 -10.7938 -2250.57
359.9250 -10.7938 -2552.21
359.9417 -10.7938 -2760.22
359.9583 -10.7938 -2819.83
359.9750 -10.7938 -2785.07
359.9916 -10.7938 -2741.93
359.5083 -10.8102 -1240.78
359.5250 -10.8102 -1276.70
359.5417 -10.8102 -1365.03
359.5583 -10.8102 -1522.58
359.5750 -10.8102 -1739.81
359.5916 -10.8102 -1965.37
359.6083 -10.8102 -2129.31
359.6250 -10.8102 -2186.53
359.6416 -10.8102 -2127.66
359.6583 -10.8102 -1966.64
359.6750 -10.8102 -1758.39
359.6917 -10.8102 -1607.50
359.7083 -10.8102 -1597.68
359.7250 -10.8102 -1698.91
359.7416 -10.8102 -1777.52
359.7583 -10.8102 -1721.19
359.7750 -10.8102 -1556.25
359.7917 -10.8102 -1431.54
359.8083 -10.8102 -1470.08
359.8250 -10.8102 -1640.92
359.8416 -10.8102 -1803.02
359.8583 -10.8102 -1872.81
359.8750 -10.8102 -1911.65
359.8916 -10.8102 -2033.07
359.9083 -10.8102 -2254.00
359.9250 -10.8102 -2468.37
359.9417 -10.8102 -2558.15
359.9583 -10.8102 -2502.11
359.9750 -10.8102 -2377.54
359.9916 -10.8102 -2284.98
359.5083 -10.8266 -1599.46
359.5250 -10.8266 -1589.51
359.5417 -10.8266 -1616.57
359.5583 -10.8266 -1734.79
359.5750 -10.8266 -1949.00
359.5916 -10.8266 -2188.27
359.6083 -10.8266 -2348.18
359.6250 -10.8266 -2362.79
359.6416 -10.8266 -2227.37
359.6583 -10.8266 -1980.49
359.6750 -10.8266 -1709.52
359.6917 -10.8266 -1543.54
359.7083 -10.8266 -1569.91
359.7250 -10.8266 -1739.96
359.7416 -10.8266 -1885.32
359.7583 -10.8266 -1853.13
359.7750 -10.8266 -1642.44
359.7917 -10.8266 -1409.33
359.8083 -10.8266 -1321.78
359.8250 -10.8266 -1409.87
359.8416 -10.8266 -1569.06
359.8583 -10.8266 -1694.28
359.8750 -10.8266 -1778.87
359.8916 -10.8266 -1878.60
359.9083 -10.8266 -2008.32
359.9250 -10.8266 -2107.30
359.9417 -10.8266 -2105.77
359.9583 -10.8266 -1997.81
359.9750 -10.8266 -1847.29
359.9916 -10.8266 -1742.13
359.5083 -10.8429 -1903.41
359.5250 -10.8429 -1863.29
359.5417 -10.8429 -1836.65
359.5583 -10.8429 -1897.06
359.5750 -10.8429 -2072.74
359.5916 -10.8429 -2299.20
359.6083 -10.8429 -2454.61
359.6250 -10.8429 -2446.59
359.6416 -10.8429 -2257.50
359.6583 -10.8429 -1942.26
359.6750 -10.8429 -1627.72
359.6917 -10.8429 -1474.77
359.7083 -10.8429 -1568.10
359.7250 -10.8429 -1825.25
359.7416 -10.8429 -2035.04
359.7583 -10.8429 -2013.03
359.7750 -10.8429 -1750.75
359.7917 -10.8429 -1421.21
359.8083 -10.8429 -1224.97
359.8250 -10.8429 -1231.71
359.8416 -10.8429 -1365.20
359.8583 -10.8429 -1505.27
359.8750 -10.8429 -1584.20
359.8916 -10.8429 -1605.80
359.9083 -10.8429 -1599.20
359.9250 -10.8429 -1572.91
359.9417 -10.8429 -1514.64
359.9583 -10.8429 -1416.51
359.9750 -10.8429 -1299.14
359.9916 -10.8429 -1215.42
359.5083 -10.8593 -2065.72
359.5250 -10.8593 -2015.58
359.5417 -10.8593 -1958.01
359.5583 -10.8593 -1965.31
359.5750 -10.8593 -2084.09
359.5916 -10.8593 -2272.83
359.6083 -10.8593 -2415.38
359.6250 -10.8593 -2402.35
359.6416 -10.8593 -2194.98
359.6583 -10.8593 -1850.53
359.6750 -10.8593 -1524.03
359.6917 -10.8593 -1400.79
359.7083 -10.8593 -1561.60
359.7250 -10.8593 -1898.45
359.7416 -10.8593 -2173.27
359.7583 -10.8593 -2184.73
359.7750 -10.8593 -1918.50
359.7917 -10.8593 -1548.16
359.8083 -10.8593 -1280.15
359.8250 -10.8593 -1204.29
359.8416 -10.8593 -1275.43
359.8583 -10.8593 -1382.38
359.8750 -10.8593 -1421.87
359.8916 -10.8593 -1354.49
359.9083 -10.8593 -1217.59
359.9250 -10.8593 -1080.03
359.9417 -10.8593 -979.56
359.9583 -10.8593 -901.38
359.9750 -10.8593 -822.18
359.9916 -10.8593 -761.75
359.5083 -10.8757 -2034.24
359.5250 -10.8757 -1986.82
359.5417 -10.8757 -1925.39
359.5583 -10.8757 -1912.64
359.5750 -10.8757 -1997.28
359.5916 -10.8757 -2155.70
359.6083 -10.8757 -2291.31
359.6250 -10.8757 -2295.65
359.6416 -10.8757 -2112.58
359.6583 -10.8757 -1785.26
359.6750 -10.8757 -1468.66
359.6917 -10.8757 -1353.53
359.7083 -10.8757 -1526.44
359.7250 -10.8757 -1889.73
359.7416 -10.8757 -2217.09
359.7583 -10.8757 -2306.34
359.7750 -10.8757 -2119.92
359.7917 -10.8757 -1792.78
359.8083 -10.8757 -1501.67
359.8250 -10.8757 -1342.76
359.8416 -10.8757 -1314.49
359.8583 -10.8757 -1348.69
359.8750 -10.8757 -1343.28
359.8916 -10.8757 -1226.17
359.9083 -10.8757 -1017.26
359.9250 -10.8757 -806.19
359.9417 -10.8757 -658.83
359.9583 -10.8757 -562.47
359.9750 -10.8757 -477.36
359.9916 -10.8757 -413.42
359.5083 -10.8920 -1788.50
359.5250 -10.8920 -1757.35
359.5417 -10.8920 -1727.99
359.5583 -10.8920 -1751.95
359.5750 -10.8920 -1860.43
359.5916 -10.8920 -2026.99
359.6083 -10.8920 -2173.14
359.6250 -10.8920 -2208.94
359.6416 -10.8920 -2077.29
359.6583 -10.8920 -1800.85
359.6750 -10.8920 -1504.77
359.6917 -10.8920 -1359.96
359.7083 -10.8920 -1468.12
359.7250 -10.8920 -1783.28
359.7416 -10.8920 -2133.15
359.7583 -10.8920 -2329.43
359.7750 -10.8920 -2292.23
359.7917 -10.8920 -2081.32
359.8083 -10.8920 -1814.23
359.8250 -10.8920 -1582.98
359.8416 -10.8920 -1437.34
359.8583 -10.8920 -1377.99
359.8750 -10.8920 -1338.98
359.8916 -10.8920 -1230.11
359.9083 -10.8920 -1027.48
359.9250 -10.8920 -794.44
359.9417 -10.8920 -599.37
359.9583 -10.8920 -446.19
359.9750 -10.8920 -312.58
359.9916 -10.8920 -221.18
359.5083 -10.9084 -1359.53
359.5250 -10.9084 -1368.11
359.5417 -10.9084 -1415.70
359.5583 -10.9084 -1536.04
359.5750 -10.9084 -1728.56
359.5916 -10.9084 -1944.92
359.6083 -10.9084 -2114.03
359.6250 -10.9084 -2174.44
359.6416 -10.9084 -2091.98
359.6583 -10.9084 -1880.57
359.6750 -10.9084 -1620.05
359.6917 -10.9084 -1436.10
359.7083 -10.9084 -1439.47
359.7250 -10.9084 -1655.50
359.7416 -10.9084 -1991.61
359.7583 -10.9084 -2285.31
359.7750 -10.9084 -2410.02
359.7917 -10.9084 -2339.62
359.8083 -10.9084 -2123.90
359.8250 -10.9084 -1843.29
359.8416 -10.9084 -1591.32
359.8583 -10.9084 -1439.73
359.8750 -10.9084 -1377.32
359.8916 -10.9084 -1313.51
359.9083 -10.9084 -1172.94
359.9250 -10.9084 -964.16
359.9417 -10.9084 -739.92
359.9583 -10.9084 -529.30
359.9750 -10.9084 -345.62
359.9916 -10.9084 -229.08
359.5083 -10.9248 -897.71
359.5250 -10.9248 -961.12
359.5417 -10.9248 -1104.99
359.5583 -10.9248 -1338.58
359.5750 -10.9248 -1631.23
359.5916 -10.9248 -1910.36
359.6083 -10.9248 -2101.98
359.6250 -10.9248 -2170.18
359.6416 -10.9248 -2118.07
359.6583 -10.9248 -1969.80
359.6750 -10.9248 -1764.30
359.6917 -10.9248 -1568.65
359.7083 -10.9248 -1484.04
359.7250 -10.9248 -1596.41
359.7416 -10.9248 -1892.66
359.7583 -10.9248 -2242.89
359.7750 -10.9248 -2486.77
359.7917 -10.9248 -2530.19
359.8083 -10.9248 -2368.59
359.8250 -10.9248 -2068.05
359.8416 -10.9248 -1745.86
359.8583 -10.9248 -1522.64
359.8750 -10.9248 -1437.49
359.8916 -10.9248 -1415.34
359.9083 -10.9248 -1346.10
359.9250 -10.9248 -1184.90
359.9417 -10.9248 -961.68
359.9583 -10.9248 -727.51
359.9750 -10.9248 -528.43
359.9916 -10.9248 -410.77
359.5083 -10.9411 -654.52
359.5250 -10.9411 -752.42
359.5417 -10.9411 -947.37
359.5583 -10.9411 -1231.61
359.5750 -10.9411 -1566.70
359.5916 -10.9411 -1873.38
359.6083 -10.9411 -2072.33
359.6250 -10.9411 -2138.37
359.6416 -10.9411 -2102.73
359.6583 -10.9411 -2005.95
359.6750 -10.9411 -1862.50
359.6917 -10.9411 -1689.47
359.7083 -10.9411 -1564.28
359.7250 -10.9411 -1603.70
359.7416 -10.9411 -1852.26
359.7583 -10.9411 -2214.21
359.7750 -10.9411 -2519.29
359.7917 -10.9411 -2637.24
359.8083 -10.9411 -2530.08
359.8250 -10.9411 -2247.78
359.8416 -10.9411 -1908.17
359.8583 -10.9411 -1648.06
359.8750 -10.9411 -1535.92
359.8916 -10.9411 -1521.42
359.9083 -10.9411 -1490.81
359.9250 -10.9411 -1370.03
359.9417 -10.9411 -1169.19
359.9583 -10.9411 -950.78
359.9750 -10.9411 -778.44
359.9916 -10.9411 -687.39
359.5083 -10.9575 -790.28
359.5250 -10.9575 -873.57
359.5417 -10.9575 -1028.64
359.5583 -10.9575 -1251.23
359.5750 -10.9575 -1525.48
359.5916 -10.9575 -1790.58
359.6083 -10.9575 -1968.39
359.6250 -10.9575 -2030.16
359.6416 -10.9575 -2010.38
359.6583 -10.9575 -1952.58
359.6750 -10.9575 -1859.94
359.6917 -10.9575 -1723.30
359.7083 -10.9575 -1596.93
359.7250 -10.9575 -1599.78
359.7416 -10.9575 -1805.84
359.7583 -10.9575 -2153.49
359.7750 -10.9575 -2487.75
359.7917 -10.9575 -2669.80
359.8083 -10.9575 -2640.11
359.8250 -10.9575 -2426.64
359.8416 -10.9575 -2129.89
359.8583 -10.9575 -1876.50
359.8750 -10.9575 -1740.58
359.8916 -10.9575 -1696.20
359.9083 -10.9575 -1653.38
359.9250 -10.9575 -1540.61
359.9417 -10.9575 -1360.58
359.9583 -10.9575 -1179.75
359.9750 -10.9575 -1063.34
359.9916 -10.9575 -1018.98
359.5083 -10.9739 -1201.84
359.5250 -10.9739 -1231.18
359.5417 -10.9739 -1280.61
359.5583 -10.9739 -1367.28
359.5750 -10.9739 -1512.77
359.5916 -10.9739 -1686.03
359.6083 -10.9739 -1818.71
359.6250 -10.9739 -1877.22
359.6416 -10.9739 -1881.98
359.6583 -10.9739 -1858.66
359.6750 -10.9739 -1798.29
359.6917 -10.9739 -1684.93
359.7083 -10.9739 -1562.21
359.7250 -10.9739 -1540.61
359.7416 -10.9739 -1707.09
359.7583 -10.9739 -2035.05
359.7750 -10.9739 -2400.80
359.7917 -10.9739 -2668.93
359.8083 -10.9739 -2756.92
359.8250 -10.9739 -2662.33
359.8416 -10.9739 -2460.07
359.8583 -10.9739 -2255.31
359.8750 -10.9739 -2112.01
359.8916 -10.9739 -2020.22
359.9083 -10.9739 -1924.97
359.9250 -10.9739 -1781.85
359.9417 -10.9739 -1604.09
359.9583 -10.9739 -1462.44
359.9750 -10.9739 -1412.36
359.9916 -10.9739 -1422.64
359.5083 -10.9902 -1621.65
359.5250 -10.9902 -1592.50
359.5417 -10.9902 -1540.41
359.5583 -10.9902 -1509.48
359.5750 -10.9902 -1547.10
359.5916 -10.9902 -1638.94
359.6083 -10.9902 -1729.12
359.6250 -10.9902 -1791.28
359.6416 -10.9902 -1833.59
359.6583 -10.9902 -1849.84
359.6750 -10.9902 -1805.62
359.6917 -10.9902 -1682.26
359.7083 -10.9902 -1529.22
359.7250 -10.9902 -1460.09
359.7416 -10.9902 -1575.76
359.7583 -10.9902 -1883.37
359.7750 -10.9902 -2290.91
359.7917 -10.9902 -2664.72
359.8083 -10.9902 -2894.77
359.8250 -10.9902 -2944.71
359.8416 -10.9902 -2863.09
359.8583 -10.9902 -2733.20
359.8750 -10.9902 -2604.37
359.8916 -10.9902 -2473.92
359.9083 -10.9902 -2317.67
359.9250 -10.9902 -2126.13
359.9417 -10.9902 -1934.75
359.9583 -10.9902 -1820.56
359.9750 -10.9902 -1824.69
359.9916 -10.9902 -1879.53
359.5083 -11.0066 -1886.03
359.5250 -11.0066 -1819.12
359.5417 -11.0066 -1716.10
359.5583 -11.0066 -1642.75
359.5750 -11.0066 -1646.18
359.5916 -11.0066 -1705.18
359.6083 -11.0066 -1775.52
359.6250 -11.0066 -1853.45
359.6416 -11.0066 -1945.70
359.6583 -11.0066 -2008.46
359.6750 -11.0066 -1966.50
359.6917 -11.0066 -1793.37
359.7083 -11.0066 -1560.35
359.7250 -11.0066 -1406.92
359.7416 -11.0066 -1455.07
359.7583 -11.0066 -1733.97
359.7750 -11.0066 -2168.72
359.7917 -11.0066 -2624.95
359.8083 -11.0066 -2974.63
359.8250 -11.0066 -3156.81
359.8416 -11.0066 -3194.68
359.8583 -11.0066 -3148.43
359.8750 -11.0066 -3054.98
359.8916 -11.0066 -2917.11
359.9083 -11.0066 -2730.53
359.9250 -11.0066 -2509.31
359.9417 -11.0066 -2305.37
359.9583 -11.0066 -2198.80
359.9750 -11.0066 -2221.04
359.9916 -11.0066 -2289.95
359.5083 -11.0229 -2036.11
359.5250 -11.0229 -1956.36
359.5417 -11.0229 -1851.02
359.5583 -11.0229 -1794.64
359.5750 -11.0229 -1813.04
359.5916 -11.0229 -1866.63
359.6083 -11.0229 -1927.29
359.6250 -11.0229 -2023.87
359.6416 -11.0229 -2167.09
359.6583 -11.0229 -2273.62
359.6750 -11.0229 -2220.55
359.6917 -11.0229 -1971.86
359.7083 -11.0229 -1632.77
359.7250 -11.0229 -1384.33
359.7416 -11.0229 -1366.31
359.7583 -11.0229 -1604.37
359.7750 -11.0229 -2018.63
359.7917 -11.0229 -2480.87
359.8083 -11.0229 -2875.61
359.8250 -11.0229 -3142.17
359.8416 -11.0229 -3280.09
359.8583 -11.0229 -3318.74
359.8750 -11.0229 -3283.63
359.8916 -11.0229 -3186.58
359.9083 -11.0229 -3032.41
359.9250 -11.0229 -2834.94
359.9417 -11.0229 -2641.08
359.9583 -11.0229 -2526.17
359.9750 -11.0229 -2524.59
359.9916 -11.0229 -2571.64
359.5083 -11.0393 -2156.76
359.5250 -11.0393 -2083.67
359.5417 -11.0393 -2003.15
359.5583 -11.0393 -1981.89
359.5750 -11.0393 -2015.84
359.5916 -11.0393 -2051.50
359.6083 -11.0393 -2084.94
359.6250 -11.0393 -2179.95
359.6416 -11.0393 -2351.42
359.6583 -11.0393 -2481.58
359.6750 -11.0393 -2408.47
359.6917 -11.0393 -2092.72
359.7083 -11.0393 -1674.81
359.7250 -11.0393 -1370.69
359.7416 -11.0393 -1317.91
359.7583 -11.0393 -1510.01
359.7750 -11.0393 -1845.85
359.7917 -11.0393 -2217.42
359.8083 -11.0393 -2557.73
359.8250 -11.0393 -2836.12
359.8416 -11.0393 -3035.61
359.8583 -11.0393 -3149.22
359.8750 -11.0393 -3190.19
359.8916 -11.0393 -3182.22
359.9083 -11.0393 -3131.24
359.9250 -11.0393 -3027.62
359.9417 -11.0393 -2888.94
359.9583 -11.0393 -2776.87
359.9750 -11.0393 -2739.38
359.9916 -11.0393 -2750.30
359.5083 -11.0557 -2207.02
359.5250 -11.0557 -2154.93
359.5417 -11.0557 -2115.44
359.5583 -11.0557 -2135.22
359.5750 -11.0557 -2178.65
359.5916 -11.0557 -2182.20
359.6083 -11.0557 -2165.26
359.6250 -11.0557 -2222.62
359.6416 -11.0557 -2378.42
359.6583 -11.0557 -2500.16
359.6750 -11.0557 -2410.86
359.6917 -11.0557 -2077.04
359.7083 -11.0557 -1658.96
359.7250 -11.0557 -1376.13
359.7416 -11.0557 -1335.42
359.7583 -11.0557 -1484.08
359.7750 -11.0557 -1701.32
359.7917 -11.0557 -1912.33
359.8083 -11.0557 -2115.96
359.8250 -11.0557 -2327.78
359.8416 -11.0557 -2527.15
359.8583 -11.0557 -2679.22
359.8750 -11.0557 -2788.53
359.8916 -11.0557 -2890.26
359.9083 -11.0557 -2986.48
359.9250 -11.0557 -3032.65
359.9417 -11.0557 -3003.21
359.9583 -11.0557 -2938.32
359.9750 -11.0557 -2897.94
359.9916 -11.0557 -2891.59
359.5083 -11.0720 -2082.61
359.5250 -11.0720 -2061.18
359.5417 -11.0720 -2076.69
359.5583 -11.0720 -2152.86
359.5750 -11.0720 -2223.10
359.5916 -11.0720 -2209.04
359.6083 -11.0720 -2140.36
359.6250 -11.0720 -2134.65
359.6416 -11.0720 -2236.43
359.6583 -11.0720 -2327.85
359.6750 -11.0720 -2245.41
359.6917 -11.0720 -1965.60
359.7083 -11.0720 -1640.40
359.7250 -11.0720 -1452.97
359.7416 -11.0720 -1458.12
359.7583 -11.0720 -1563.50
359.7750 -11.0720 -1645.95
359.7917 -11.0720 -1670.94
359.8083 -11.0720 -1698.04
359.8250 -11.0720 -1786.84
359.8416 -11.0720 -1925.04
359.8583 -11.0720 -2066.83
359.8750 -11.0720 -2213.88
359.8916 -11.0720 -2407.66
359.9083 -11.0720 -2643.20
359.9250 -11.0720 -2844.80
359.9417 -11.0720 -2948.57
359.9583 -11.0720 -2972.40
359.9750 -11.0720 -2977.13
359.9916 -11.0720 -2986.83
359.5083 -11.0884 -1810.45
359.5250 -11.0884 -1823.58
359.5417 -11.0884 -1897.18
359.5583 -11.0884 -2032.69
359.5750 -11.0884 -2139.58
359.5916 -11.0884 -2126.04
359.6083 -11.0884 -2022.25
359.6250 -11.0884 -1958.91
359.6416 -11.0884 -2005.89
359.6583 -11.0884 -2079.09
359.6750 -11.0884 -2044.02
359.6917 -11.0884 -1880.83
359.7083 -11.0884 -1706.96
359.7250 -11.0884 -1645.79
359.7416 -11.0884 -1699.43
359.7583 -11.0884 -1754.20
359.7750 -11.0884 -1700.91
359.7917 -11.0884 -1545.71
359.8083 -11.0884 -1398.49
359.8250 -11.0884 -1356.63
359.8416 -11.0884 -1420.42
359.8583 -11.0884 -1538.32
359.8750 -11.0884 -1702.98
359.8916 -11.0884 -1949.92
359.9083 -11.0884 -2266.34
359.9250 -11.0884 -2562.39
359.9417 -11.0884 -2758.77
359.9583 -11.0884 -2863.41
359.9750 -11.0884 -2930.36
359.9916 -11.0884 -2975.02
359.5083 -11.1047 -1579.14
359.5250 -11.1047 -1625.18
359.5417 -11.1047 -1739.95
359.5583 -11.1047 -1898.19
359.5750 -11.1047 -2001.86
359.5916 -11.1047 -1968.24
359.6083 -11.1047 -1836.82
359.6250 -11.1047 -1744.58
359.6416 -11.1047 -1777.26
359.6583 -11.1047 -1879.22
359.6750 -11.1047 -1936.83
359.6917 -11.1047 -1918.55
359.7083 -11.1047 -1896.15
359.7250 -11.1047 -1939.96
359.7416 -11.1047 -2020.46
359.7583 -11.1047 -2019.91
359.7750 -11.1047 -1845.03
359.7917 -11.1047 -1535.89
359.8083 -11.1047 -1249.69
359.8250 -11.1047 -1123.29
359.8416 -11.1047 -1165.53
359.8583 -11.1047 -1301.85
359.8750 -11.1047 -1491.45
359.8916 -11.1047 -1748.98
359.9083 -11.1047 -2060.88
359.9250 -11.1047 -2348.24
359.9417 -11.1047 -2544.90
359.9583 -11.1047 -2667.93
359.9750 -11.1047 -2767.36
359.9916 -11.1047 -2838.50
359.5083 -11.1211 -1543.19
359.5250 -11.1211 -1617.88
359.5417 -11.1211 -1747.29
359.5583 -11.1211 -1869.70
359.5750 -11.1211 -1896.43
359.5916 -11.1211 -1786.28
359.6083 -11.1211 -1610.88
359.6250 -11.1211 -1514.50
359.6416 -11.1211 -1583.42
359.6583 -11.1211 -1767.46
359.6750 -11.1211 -1949.02
359.6917 -11.1211 -2068.94
359.7083 -11.1211 -2159.51
359.7250 -11.1211 -2265.30
359.7416 -11.1211 -2353.65
359.7583 -11.1211 -2312.53
359.7750 -11.1211 -2054.59
359.7917 -11.1211 -1640.34
359.8083 -11.1211 -1272.30
359.8250 -11.1211 -1131.37
359.8416 -11.1211 -1227.73
359.8583 -11.1211 -1437.99
359.8750 -11.1211 -1660.55
359.8916 -11.1211 -1883.17
359.9083 -11.1211 -2109.43
359.9250 -11.1211 -2295.00
359.9417 -11.1211 -2401.98
359.9583 -11.1211 -2465.63
359.9750 -11.1211 -2540.75
359.9916 -11.1211 -2608.95
359.5083 -11.1374 -1658.34
359.5250 -11.1374 -1759.12
359.5417 -11.1374 -1889.33
359.5583 -11.1374 -1943.18
359.5750 -11.1374 -1845.62
359.5916 -11.1374 -1614.04
359.6083 -11.1374 -1371.27
359.6250 -11.1374 -1276.88
359.6416 -11.1374 -1408.40
359.6583 -11.1374 -1699.25
359.6750 -11.1374 -2006.48
359.6917 -11.1374 -2238.01
359.7083 -11.1374 -2402.36
359.7250 -11.1374 -2543.43
359.7416 -11.1374 -2643.44
359.7583 -11.1374 -2599.37
359.7750 -11.1374 -2319.30
359.7917 -11.1374 -1866.96
359.8083 -11.1374 -1476.76
359.8250 -11.1374 -1369.09
359.8416 -11.1374 -1552.08
359.8583 -11.1374 -1844.06
359.8750 -11.1374 -2075.59
359.8916 -11.1374 -2215.99
359.9083 -11.1374 -2305.58
359.9250 -11.1374 -2345.69
359.9417 -11.1374 -2320.08
359.9583 -11.1374 -2272.80
359.9750 -11.1374 -2269.76
359.9916 -11.1374 -2299.41
359.5083 -11.1538 -1747.64
359.5250 -11.1538 -1874.66
359.5417 -11.1538 -2012.16
359.5583 -11.1538 -2010.73
359.5750 -11.1538 -1800.95
359.5916 -11.1538 -1453.43
359.6083 -11.1538 -1145.51
359.6250 -11.1538 -1055.76
359.6416 -11.1538 -1248.34
359.6583 -11.1538 -1631.24
359.6750 -11.1538 -2034.43
359.6917 -11.1538 -2342.74
359.7083 -11.1538 -2554.78
359.7250 -11.1538 -2722.56
359.7416 -11.1538 -2847.08
359.7583 -11.1538 -2837.36
359.7750 -11.1538 -2594.36
359.7917 -11.1538 -2168.56
359.8083 -11.1538 -1800.70
359.8250 -11.1538 -1733.20
359.8416 -11.1538 -1973.93
359.8583 -11.1538 -2299.46
359.8750 -11.1538 -2492.59
359.8916 -11.1538 -2519.68
359.9083 -11.1538 -2463.88
359.9250 -11.1538 -2366.19
359.9417 -11.1538 -2214.52
359.9583 -11.1538 -2044.11
359.9750 -11.1538 -1932.29
359.9916 -11.1538 -1896.48
359.5083 -11.1701 -1690.74
359.5250 -11.1701 -1840.96
359.5417 -11.1701 -1995.46
359.5583 -11.1701 -1972.22
359.5750 -11.1701 -1701.56
359.5916 -11.1701 -1292.48
359.6083 -11.1701 -962.86
359.6250 -11.1701 -898.18
359.6416 -11.1701 -1141.71
359.6583 -11.1701 -1581.05
359.6750 -11.1701 -2036.35
359.6917 -11.1701 -2384.52
359.7083 -11.1701 -2616.58
359.7250 -11.1701 -2788.44
359.7416 -11.1701 -2921.93
359.7583 -11.1701 -2947.89
359.7750 -11.1701 -2766.60
359.7917 -11.1701 -2405.78
359.8083 -11.1701 -2086.82
359.8250 -11.1701 -2049.62
359.8416 -11.1701 -2301.35
359.8583 -11.1701 -2604.66
359.8750 -11.1701 -2728.35
359.8916 -11.1701 -2647.92
359.9083 -11.1701 -2476.80
359.9250 -11.1701 -2277.78
359.9417 -11.1701 -2031.63
359.9583 -11.1701 -1756.48
359.9750 -11.1701 -1537.73
359.9916 -11.1701 -1430.77
359.5083 -11.1865 -1529.84
359.5250 -11.1865 -1688.98
359.5417 -11.1865 -1852.14
359.5583 -11.1865 -1827.00
359.5750 -11.1865 -1549.46
359.5916 -11.1865 -1151.75
359.6083 -11.1865 -864.34
359.6250 -11.1865 -854.17
359.6416 -11.1865 -1137.52
359.6583 -11.1865 -1599.43
359.6750 -11.1865 -2073.38
359.6917 -11.1865 -2433.05
359.7083 -11.1865 -2648.98
359.7250 -11.1865 -2773.52
359.7416 -11.1865 -2858.95
359.7583 -11.1865 -2874.37
359.7750 -11.1865 -2731.57
359.7917 -11.1865 -2437.92
359.8083 -11.1865 -2182.73
359.8250 -11.1865 -2180.25
359.8416 -11.1865 -2425.99
359.8583 -11.1865 -2686.33
359.8750 -11.1865 -2745.04
359.8916 -11.1865 -2593.45
359.9083 -11.1865 -2354.81
359.9250 -11.1865 -2095.69
359.9417 -11.1865 -1792.48
359.9583 -11.1865 -1453.57
359.9750 -11.1865 -1166.38
359.9916 -11.1865 -1011.31
359.5083 -11.2028 -1427.91
359.5250 -11.2028 -1571.45
359.5417 -11.2028 -1716.63
359.5583 -11.2028 -1689.28
359.5750 -11.2028 -1441.82
359.5916 -11.2028 -1111.77
359.6083 -11.2028 -908.30
359.6250 -11.2028 -957.32
359.6416 -11.2028 -1254.69
359.6583 -11.2028 -1709.04
359.6750 -11.2028 -2184.80
359.6917 -11.2028 -2544.12
359.7083 -11.2028 -2716.54
359.7250 -11.2028 -2743.54
359.7416 -11.2028 -2717.75
359.7583 -11.2028 -2660.27
359.7750 -11.2028 -2507.46
359.7917 -11.2028 -2259.05
359.8083 -11.2028 -2074.15
359.8250 -11.2028 -2125.48
359.8416 -11.2028 -2378.95
359.8583 -11.2028 -2605.23
359.8750 -11.2028 -2617.00
359.8916 -11.2028 -2425.62
359.9083 -11.2028 -2152.88
359.9250 -11.2028 -1863.59
359.9417 -11.2028 -1543.50
359.9583 -11.2028 -1203.89
359.9750 -11.2028 -920.90
359.9916 -11.2028 -766.94
359.5083 -11.2192 -1531.17
359.5250 -11.2192 -1638.74
359.5417 -11.2192 -1742.91
359.5583 -11.2192 -1708.62
359.5750 -11.2192 -1508.27
359.5916 -11.2192 -1264.25
359.6083 -11.2192 -1139.26
359.6250 -11.2192 -1212.92
359.6416 -11.2192 -1477.72
359.6583 -11.2192 -1886.83
359.6750 -11.2192 -2344.12
359.6917 -11.2192 -2695.03
359.7083 -11.2192 -2817.92
359.7250 -11.2192 -2735.58
359.7416 -11.2192 -2577.06
359.7583 -11.2192 -2416.38
359.7750 -11.2192 -2222.85
359.7917 -11.2192 -2001.04
359.8083 -11.2192 -1885.28
359.8250 -11.2192 -2000.59
359.8416 -11.2192 -2273.25
359.8583 -11.2192 -2472.82
359.8750 -11.2192 -2440.45
359.8916 -11.2192 -2209.46
359.9083 -11.2192 -1905.72
359.9250 -11.2192 -1604.61
359.9417 -11.2192 -1316.70
359.9583 -11.2192 -1058.35
359.9750 -11.2192 -870.44
359.9916 -11.2192 -777.72
359.5083 -11.2355 -1843.55
359.5250 -11.2355 -1914.08
359.5417 -11.2355 -1977.59
359.5583 -11.2355 -1939.35
359.5750 -11.2355 -1784.99
359.5916 -11.2355 -1609.32
359.6083 -11.2355 -1524.90
359.6250 -11.2355 -1575.98
359.6416 -11.2355 -1762.49
359.6583 -11.2355 -2081.38
359.6750 -11.2355 -2475.98
359.6917 -11.2355 -2789.27
359.7083 -11.2355 -2864.31
359.7250 -11.2355 -2701.47
359.7416 -11.2355 -2445.98
359.7583 -11.2355 -2209.25
359.7750 -11.2355 -1990.86
359.7917 -11.2355 -1800.66
359.8083 -11.2355 -1747.00
359.8250 -11.2355 -1911.60
359.8416 -11.2355 -2190.87
359.8583 -11.2355 -2355.86
359.8750 -11.2355 -2268.27
359.8916 -11.2355 -1981.35
359.9083 -11.2355 -1640.31
359.9250 -11.2355 -1351.70
359.9417 -11.2355 -1157.04
359.9583 -11.2355 -1063.26
359.9750 -11.2355 -1049.31
359.9916 -11.2355 -1065.44
359.5083 -11.2519 -2208.73
359.5250 -11.2519 -2259.78
359.5417 -11.2519 -2303.76
359.5583 -11.2519 -2269.51
359.5750 -11.2519 -2146.49
359.5916 -11.2519 -2005.15
359.6083 -11.2519 -1924.35
359.6250 -11.2519 -1929.09
359.6416 -11.2519 -2020.98
359.6583 -11.2519 -2216.09
359.6750 -11.2519 -2489.53
359.6917 -11.2519 -2712.77
359.7083 -11.2519 -2734.25
359.7250 -11.2519 -2539.55
359.7416 -11.2519 -2263.51
359.7583 -11.2519 -2025.47
359.7750 -11.2519 -1837.47
359.7917 -11.2519 -1702.23
359.8083 -11.2519 -1698.20
359.8250 -11.2519 -1879.14
359.8416 -11.2519 -2137.55
359.8583 -11.2519 -2257.91
359.8750 -11.2519 -2115.07
359.8916 -11.2519 -1776.80
359.9083 -11.2519 -1417.97
359.9250 -11.2519 -1185.57
359.9417 -11.2519 -1140.99
359.9583 -11.2519 -1259.67
359.9750 -11.2519 -1447.32
359.9916 -11.2519 -1582.99
359.5083 -11.2682 -2399.60
359.5250 -11.2682 -2453.01
359.5417 -11.2682 -2503.59
359.5583 -11.2682 -2484.04
359.5750 -11.2682 -2380.39
359.5916 -11.2682 -2248.23
359.6083 -11.2682 -2152.68
359.6250 -11.2682 -2112.91
359.6416 -11.2682 -2121.64
359.6583 -11.2682 -2186.15
359.6750 -11.2682 -2301.62
359.6917 -11.2682 -2395.47
359.7083 -11.2682 -2365.19
359.7250 -11.2682 -2197.39
359.7416 -11.2682 -1993.14
359.7583 -11.2682 -1843.20
359.7750 -11.2682 -1745.40
359.7917 -11.2682 -1683.50
359.8083 -11.2682 -1711.00
359.8250 -11.2682 -1875.62
359.8416 -11.2682 -2091.95
359.8583 -11.2682 -2171.06
359.8750 -11.2682 -1999.39
359.8916 -11.2682 -1653.85
359.9083 -11.2682 -1332.40
359.9250 -11.2682 -1205.30
359.9417 -11.2682 -1327.08
359.9583 -11.2682 -1629.24
359.9750 -11.2682 -1964.04
359.9916 -11.2682 -2177.89
359.5083 -11.2846 -2260.72
359.5250 -11.2846 -2330.06
359.5417 -11.2846 -2408.88
359.5583 -11.2846 -2424.61
359.5750 -11.2846 -2351.72
359.5916 -11.2846 -2228.71
359.6083 -11.2846 -2112.65
359.6250 -11.2846 -2026.57
359.6416 -11.2846 -1959.72
359.6583 -11.2846 -1906.03
359.6750 -11.2846 -1873.53
359.6917 -11.2846 -1851.49
359.7083 -11.2846 -1805.89
359.7250 -11.2846 -1733.94
359.7416 -11.2846 -1685.25
359.7583 -11.2846 -1690.91
359.7750 -11.2846 -1715.60
359.7917 -11.2846 -1726.59
359.8083 -11.2846 -1767.64
359.8250 -11.2846 -1896.36
359.8416 -11.2846 -2061.17
359.8583 -11.2846 -2110.42
359.8750 -11.2846 -1951.67
359.8916 -11.2846 -1667.88
359.9083 -11.2846 -1453.32
359.9250 -11.2846 -1458.05
359.9417 -11.2846 -1698.03
359.9583 -11.2846 -2069.68
359.9750 -11.2846 -2421.93
359.9916 -11.2846 -2629.72
359.5083 -11.3009 -1842.36
359.5250 -11.3009 -1930.26
359.5417 -11.3009 -2049.90
359.5583 -11.3009 -2125.70
359.5750 -11.3009 -2111.22
359.5916 -11.3009 -2013.18
359.6083 -11.3009 -1871.19
359.6250 -11.3009 -1717.76
359.6416 -11.3009 -1560.91
359.6583 -11.3009 -1403.74
359.6750 -11.3009 -1269.05
359.6917 -11.3009 -1192.28
359.7083 -11.3009 -1195.14
359.7250 -11.3009 -1280.10
359.7416 -11.3009 -1435.65
359.7583 -11.3009 -1620.76
359.7750 -11.3009 -1767.90
359.7917 -11.3009 -1843.45
359.8083 -11.3009 -1893.07
359.8250 -11.3009 -1980.65
359.8416 -11.3009 -2083.76
359.8583 -11.3009 -2101.17
359.8750 -11.3009 -1984.29
359.8916 -11.3009 -1822.03
359.9083 -11.3009 -1765.72
359.9250 -11.3009 -1892.23
359.9417 -11.3009 -2156.56
359.9583 -11.3009 -2448.24
359.9750 -11.3009 -2671.75
359.9916 -11.3009 -2785.51
359.5083 -11.3173 -1407.96
359.5250 -11.3173 -1508.16
359.5417 -11.3173 -1662.08
359.5583 -11.3173 -1795.80
359.5750 -11.3173 -1842.12
359.5916 -11.3173 -1771.67
359.6083 -11.3173 -1598.84
359.6250 -11.3173 -1363.08
359.6416 -11.3173 -1105.60
359.6583 -11.3173 -861.96
359.6750 -11.3173 -675.18
359.6917 -11.3173 -604.84
359.7083 -11.3173 -701.05
359.7250 -11.3173 -960.45
359.7416 -11.3173 -1313.74
359.7583 -11.3173 -1657.95
359.7750 -11.3173 -1909.64
359.7917 -11.3173 -2048.66
359.8083 -11.3173 -2118.65
359.8250 -11.3173 -2168.40
359.8416 -11.3173 -2192.35
359.8583 -11.3173 -2155.60
359.8750 -11.3173 -2078.92
359.8916 -11.3173 -2056.25
359.9083 -11.3173 -2161.79
359.9250 -11.3173 -2365.39
359.9417 -11.3173 -2562.43
359.9583 -11.3173 -2669.43
359.9750 -11.3173 -2682.36
359.9916 -11.3173 -2660.12
359.5083 -11.3336 -1239.06
359.5250 -11.3336 -1339.97
359.5417 -11.3336 -1497.69
359.5583 -11.3336 -1640.99
359.5750 -11.3336 -1701.14
359.5916 -11.3336 -1637.34
359.6083 -11.3336 -1445.30
359.6250 -11.3336 -1156.39
359.6416 -11.3336 -829.28
359.6583 -11.3336 -530.23
359.6750 -11.3336 -323.38
359.6917 -11.3336 -280.11
359.7083 -11.3336 -460.60
359.7250 -11.3336 -852.17
359.7416 -11.3336 -1344.20
359.7583 -11.3336 -1795.11
359.7750 -11.3336 -2122.23
359.7917 -11.3336 -2321.42
359.8083 -11.3336 -2421.12
359.8250 -11.3336 -2436.03
359.8416 -11.3336 -2369.63
359.8583 -11.3336 -2260.34
359.8750 -11.3336 -2203.73
359.8916 -11.3336 -2289.28
359.9083 -11.3336 -2501.78
359.9250 -11.3336 -2713.06
359.9417 -11.3336 -2790.10
359.9583 -11.3336 -2700.93
359.9750 -11.3336 -2525.93
359.9916 -11.3336 -2392.73
359.5083 -11.3500 -1406.16
359.5250 -11.3500 -1497.21
359.5417 -11.3500 -1622.44
359.5583 -11.3500 -1712.36
359.5750 -11.3500 -1727.19
359.5916 -11.3500 -1654.82
359.6083 -11.3500 -1484.98
359.6250 -11.3500 -1216.07
359.6416 -11.3500 -886.02
359.6583 -11.3500 -569.91
359.6750 -11.3500 -351.42
359.6917 -11.3500 -315.42
359.7083 -11.3500 -529.36
359.7250 -11.3500 -975.92
359.7416 -11.3500 -1523.32
359.7583 -11.3500 -2013.56
359.7750 -11.3500 -2371.99
359.7917 -11.3500 -2603.89
359.8083 -11.3500 -2716.49
359.8250 -11.3500 -2692.62
359.8416 -11.3500 -2546.25
359.8583 -11.3500 -2376.08
359.8750 -11.3500 -2325.58
359.8916 -11.3500 -2460.54
359.9083 -11.3500 -2690.06
359.9250 -11.3500 -2835.52
359.9417 -11.3500 -2782.29
359.9583 -11.3500 -2555.89
359.9750 -11.3500 -2280.85
359.9916 -11.3500 -2098.39
359.5083 -11.3663 -1751.08
359.5250 -11.3663 -1828.02
359.5417 -11.3663 -1906.26
359.5583 -11.3663 -1921.22
359.5750 -11.3663 -1881.48
359.5916 -11.3663 -1824.71
359.6083 -11.3663 -1735.71
359.6250 -11.3663 -1556.42
359.6416 -11.3663 -1274.21
359.6583 -11.3663 -958.67
359.6750 -11.3663 -717.93
359.6917 -11.3663 -658.63
359.7083 -11.3663 -856.01
359.7250 -11.3663 -1289.93
359.7416 -11.3663 -1821.08
359.7583 -11.3663 -2289.49
359.7750 -11.3663 -2627.95
359.7917 -11.3663 -2843.68
359.8083 -11.3663 -2929.99
359.8250 -11.3663 -2858.47
359.8416 -11.3663 -2658.52
359.8583 -11.3663 -2459.76
359.8750 -11.3663 -2410.56
359.8916 -11.3663 -2537.20
359.9083 -11.3663 -2703.29
359.9250 -11.3663 -2733.01
359.9417 -11.3663 -2562.53
359.9583 -11.3663 -2262.34
359.9750 -11.3663 -1959.83
359.9916 -11.3663 -1772.83
359.5083 -11.3826 -2055.10
359.5250 -11.3826 -2117.61
359.5417 -11.3826 -2163.35
359.5583 -11.3826 -2143.01
359.5750 -11.3826 -2105.93
359.5916 -11.3826 -2121.11
359.6083 -11.3826 -2152.83
359.6250 -11.3826 -2079.76
359.6416 -11.3826 -1841.04
359.6583 -11.3826 -1511.19
359.6750 -11.3826 -1235.05
359.6917 -11.3826 -1143.42
359.7083 -11.3826 -1308.95
359.7250 -11.3826 -1700.49
359.7416 -11.3826 -2177.62
359.7583 -11.3826 -2588.53
359.7750 -11.3826 -2870.88
359.7917 -11.3826 -3027.98
359.8083 -11.3826 -3050.68
359.8250 -11.3826 -2921.86
359.8416 -11.3826 -2689.32
359.8583 -11.3826 -2485.35
359.8750 -11.3826 -2431.69
359.8916 -11.3826 -2514.60
359.9083 -11.3826 -2581.49
359.9250 -11.3826 -2486.42
359.9417 -11.3826 -2216.66
359.9583 -11.3826 -1867.89
359.9750 -11.3826 -1553.47
359.9916 -11.3826 -1366.52
359.5083 -11.3990 -2173.16
359.5250 -11.3990 -2221.64
359.5417 -11.3990 -2264.41
359.5583 -11.3990 -2278.84
359.5750 -11.3990 -2323.76
359.5916 -11.3990 -2454.36
359.6083 -11.3990 -2597.66
359.6250 -11.3990 -2588.08
359.6416 -11.3990 -2348.77
359.6583 -11.3990 -1983.42
359.6750 -11.3990 -1680.51
359.6917 -11.3990 -1583.25
359.7083 -11.3990 -1739.91
359.7250 -11.3990 -2095.47
359.7416 -11.3990 -2514.58
359.7583 -11.3990 -2863.95
359.7750 -11.3990 -3083.15
359.7917 -11.3990 -3163.48
359.8083 -11.3990 -3098.73
359.8250 -11.3990 -2899.06
359.8416 -11.3990 -2637.01
359.8583 -11.3990 -2437.24
359.8750 -11.3990 -2384.56
359.8916 -11.3990 -2430.23
359.9083 -11.3990 -2416.19
359.9250 -11.3990 -2222.44
359.9417 -11.3990 -1870.10
359.9583 -11.3990 -1470.46
359.9750 -11.3990 -1130.61
359.9916 -11.3990 -932.82
359.5083 -11.4153 -2055.80
359.5250 -11.4153 -2098.87
359.5417 -11.4153 -2172.68
359.5583 -11.4153 -2278.05
359.5750 -11.4153 -2445.62
359.5916 -11.4153 -2679.76
359.6083 -11.4153 -2874.19
359.6250 -11.4153 -2859.58
359.6416 -11.4153 -2582.71
359.6583 -11.4153 -2189.62
359.6750 -11.4153 -1900.79
359.6917 -11.4153 -1848.48
359.7083 -11.4153 -2035.35
359.7250 -11.4153 -2375.62
359.7416 -11.4153 -2748.15
359.7583 -11.4153 -3048.42
359.7750 -11.4153 -3215.84
359.7917 -11.4153 -3220.55
359.8083 -11.4153 -3057.52
359.8250 -11.4153 -2774.09
359.8416 -11.4153 -2481.60
359.8583 -11.4153 -2305.64
359.8750 -11.4153 -2293.57
359.8916 -11.4153 -2354.44
359.9083 -11.4153 -2312.68
359.9250 -11.4153 -2059.32
359.9417 -11.4153 -1642.28
359.9583 -11.4153 -1198.11
359.9750 -11.4153 -841.34
359.9916 -11.4153 -642.32
359.5083 -11.4316 -1740.95
359.5250 -11.4316 -1805.41
359.5417 -11.4316 -1947.16
359.5583 -11.4316 -2161.81
359.5750 -11.4316 -2425.98
359.5916 -11.4316 -2692.37
359.6083 -11.4316 -2853.55
359.6250 -11.4316 -2780.36
359.6416 -11.4316 -2465.29
359.6583 -11.4316 -2085.31
359.6750 -11.4316 -1865.12
359.6917 -11.4316 -1903.80
359.7083 -11.4316 -2149.12
359.7250 -11.4316 -2485.52
359.7416 -11.4316 -2812.03
359.7583 -11.4316 -3060.68
359.7750 -11.4316 -3177.29
359.7917 -11.4316 -3113.28
359.8083 -11.4316 -2862.44
359.8250 -11.4316 -2508.40
359.8416 -11.4316 -2208.46
359.8583 -11.4316 -2098.64
359.8750 -11.4316 -2187.07
359.8916 -11.4316 -2325.76
359.9083 -11.4316 -2306.26
359.9250 -11.4316 -2026.55
359.9417 -11.4316 -1571.29
359.9583 -11.4316 -1117.51
359.9750 -11.4316 -789.11
359.9916 -11.4316 -623.77
359.5083 -11.4480 -1360.85
359.5250 -11.4480 -1481.95
359.5417 -11.4480 -1718.59
359.5583 -11.4480 -2019.44
359.5750 -11.4480 -2305.56
359.5916 -11.4480 -2513.63
359.6083 -11.4480 -2579.00
359.6250 -11.4480 -2436.83
359.6416 -11.4480 -2117.67
359.6583 -11.4480 -1799.32
359.6750 -11.4480 -1683.21
359.6917 -11.4480 -1827.59
359.7083 -11.4480 -2131.55
359.7250 -11.4480 -2452.15
359.7416 -11.4480 -2703.70
359.7583 -11.4480 -2858.39
359.7750 -11.4480 -2891.36
359.7917 -11.4480 -2760.78
359.8083 -11.4480 -2462.36
359.8250 -11.4480 -2095.61
359.8416 -11.4480 -1841.48
359.8583 -11.4480 -1837.08
359.8750 -11.4480 -2051.72
359.8916 -11.4480 -2284.75
359.9083 -11.4480 -2303.82
359.9250 -11.4480 -2025.07
359.9417 -11.4480 -1575.81
359.9583 -11.4480 -1169.02
359.9750 -11.4480 -923.69
359.9916 -11.4480 -826.23
359.5083 -11.4643 -1096.82
359.5250 -11.4643 -1290.97
359.5417 -11.4643 -1615.76
359.5583 -11.4643 -1948.03
359.5750 -11.4643 -2176.87
359.5916 -11.4643 -2270.81
359.6083 -11.4643 -2236.58
359.6250 -11.4643 -2066.45
359.6416 -11.4643 -1797.31
359.6583 -11.4643 -1573.88
359.6750 -11.4643 -1559.43
359.6917 -11.4643 -1782.00
359.7083 -11.4643 -2110.91
359.7250 -11.4643 -2379.11
359.7416 -11.4643 -2503.46
359.7583 -11.4643 -2495.87
359.7750 -11.4643 -2391.20
359.7917 -11.4643 -2193.29
359.8083 -11.4643 -1905.85
359.8250 -11.4643 -1606.29
359.8416 -11.4643 -1447.52
359.8583 -11.4643 -1541.26
359.8750 -11.4643 -1831.77
359.8916 -11.4643 -2106.06
359.9083 -11.4643 -2147.14
359.9250 -11.4643 -1902.93
359.9417 -11.4643 -1523.87
359.9583 -11.4643 -1222.96
359.9750 -11.4643 -1092.00
359.9916 -11.4643 -1070.75
359.5083 -11.4806 -1045.10
359.5250 -11.4806 -1295.67
359.5417 -11.4806 -1665.83
359.5583 -11.4806 -1969.71
359.5750 -11.4806 -2099.05
359.5916 -11.4806 -2084.61
359.6083 -11.4806 -2003.71
359.6250 -11.4806 -1877.10
359.6416 -11.4806 -1712.14
359.6583 -11.4806 -1595.35
359.6750 -11.4806 -1649.35
359.6917 -11.4806 -1891.95
359.7083 -11.4806 -2188.76
359.7250 -11.4806 -2359.16
359.7416 -11.4806 -2315.56
359.7583 -11.4806 -2105.68
359.7750 -11.4806 -1840.00
359.7917 -11.4806 -1590.70
359.8083 -11.4806 -1368.31
359.8250 -11.4806 -1190.02
359.8416 -11.4806 -1129.58
359.8583 -11.4806 -1252.07
359.8750 -11.4806 -1507.18
359.8916 -11.4806 -1730.97
359.9083 -11.4806 -1768.99
359.9250 -11.4806 -1602.07
359.9417 -11.4806 -1360.75
359.9583 -11.4806 -1205.56
359.9750 -11.4806 -1183.61
359.9916 -11.4806 -1217.05
359.5083 -11.4970 -1116.80
359.5250 -11.4970 -1389.95
359.5417 -11.4970 -1758.40
359.5583 -11.4970 -2006.13
359.5750 -11.4970 -2051.12
359.5916 -11.4970 -1983.11
359.6083 -11.4970 -1924.70
359.6250 -11.4970 -1897.41
359.6416 -11.4970 -1861.65
359.6583 -11.4970 -1839.69
359.6750 -11.4970 -1918.48
359.6917 -11.4970 -2123.32
359.7083 -11.4970 -2340.20
359.7250 -11.4970 -2392.77
359.7416 -11.4970 -2192.95
359.7583 -11.4970 -1816.29
359.7750 -11.4970 -1435.15
359.7917 -11.4970 -1177.37
359.8083 -11.4970 -1049.33
359.8250 -11.4970 -993.01
359.8416 -11.4970 -985.72
359.8583 -11.4970 -1045.87
359.8750 -11.4970 -1160.71
359.8916 -11.4970 -1262.53
359.9083 -11.4970 -1286.01
359.9250 -11.4970 -1231.67
359.9417 -11.4970 -1167.67
359.9583 -11.4970 -1162.41
359.9750 -11.4970 -1214.95
359.9916 -11.4970 -1266.33
359.5083 -11.5133 -1120.40
359.5250 -11.5133 -1390.33
359.5417 -11.5133 -1737.80
359.5583 -11.5133 -1949.98
359.5750 -11.5133 -1972.84
359.5916 -11.5133 -1922.95
359.6083 -11.5133 -1930.94
359.6250 -11.5133 -2005.73
359.6416 -11.5133 -2073.05
359.6583 -11.5133 -2109.37
359.6750 -11.5133 -2177.34
359.6917 -11.5133 -2318.05
359.7083 -11.5133 -2450.67
359.7250 -11.5133 -2417.33
359.7416 -11.5133 -2134.53
359.7583 -11.5133 -1689.82
359.7750 -11.5133 -1280.53
359.7917 -11.5133 -1054.51
359.8083 -11.5133 -1007.39
359.8250 -11.5133 -1027.99
359.8416 -11.5133 -1022.52
359.8583 -11.5133 -977.26
359.8750 -11.5133 -925.66
359.8916 -11.5133 -900.43
359.9083 -11.5133 -918.81
359.9250 -11.5133 -985.21
359.9417 -11.5133 -1090.56
359.9583 -11.5133 -1206.88
359.9750 -11.5133 -1295.90
359.9916 -11.5133 -1338.04
359.5083 -11.5296 -959.76
359.5250 -11.5296 -1214.97
359.5417 -11.5296 -1545.55
359.5583 -11.5296 -1764.28
359.5750 -11.5296 -1834.25
359.5916 -11.5296 -1859.12
359.6083 -11.5296 -1941.39
359.6250 -11.5296 -2075.33
359.6416 -11.5296 -2183.83
359.6583 -11.5296 -2233.15
359.6750 -11.5296 -2275.23
359.6917 -11.5296 -2363.67
359.7083 -11.5296 -2449.25
359.7250 -11.5296 -2396.76
359.7416 -11.5296 -2125.10
359.7583 -11.5296 -1711.77
359.7750 -11.5296 -1339.26
359.7917 -11.5296 -1144.33
359.8083 -11.5296 -1121.66
359.8250 -11.5296 -1156.03
359.8416 -11.5296 -1132.06
359.8583 -11.5296 -1018.22
359.8750 -11.5296 -870.78
359.8916 -11.5296 -782.20
359.9083 -11.5296 -819.27
359.9250 -11.5296 -983.92
359.9417 -11.5296 -1212.93
359.9583 -11.5296 -1414.83
359.9750 -11.5296 -1529.22
359.9916 -11.5296 -1565.30
359.5083 -11.5460 -725.68
359.5250 -11.5460 -956.09
359.5417 -11.5460 -1266.20
359.5583 -11.5460 -1506.88
359.5750 -11.5460 -1651.44
359.5916 -11.5460 -1768.15
359.6083 -11.5460 -1910.86
359.6250 -11.5460 -2060.28
359.6416 -11.5460 -2162.65
359.6583 -11.5460 -2202.61
359.6750 -11.5460 -2227.70
359.6917 -11.5460 -2292.04
359.7083 -11.5460 -2369.52
359.7250 -11.5460 -2348.50
359.7416 -11.5460 -2147.06
359.7583 -11.5460 -1815.12
359.7750 -11.5460 -1495.21
359.7917 -11.5460 -1299.69
359.8083 -11.5460 -1238.62
359.8250 -11.5460 -1237.41
359.8416 -11.5460 -1204.12
359.8583 -11.5460 -1099.81
359.8750 -11.5460 -967.70
359.8916 -11.5460 -901.02
359.9083 -11.5460 -974.80
359.9250 -11.5460 -1194.22
359.9417 -11.5460 -1489.84
359.9583 -11.5460 -1756.69
359.9750 -11.5460 -1920.66
359.9916 -11.5460 -1982.89
359.5083 -11.5623 -605.02
359.5250 -11.5623 -792.13
359.5417 -11.5623 -1051.37
359.5583 -11.5623 -1276.87
359.5750 -11.5623 -1456.01
359.5916 -11.5623 -1629.15
359.6083 -11.5623 -1808.81
359.6250 -11.5623 -1964.45
359.6416 -11.5623 -2065.33
359.6583 -11.5623 -2112.86
359.6750 -11.5623 -2142.85
359.6917 -11.5623 -2199.13
359.7083 -11.5623 -2275.23
359.7250 -11.5623 -2289.77
359.7416 -11.5623 -2164.92
359.7583 -11.5623 -1918.60
359.7750 -11.5623 -1646.80
359.7917 -11.5623 -1435.60
359.8083 -11.5623 -1314.91
359.8250 -11.5623 -1264.90
359.8416 -11.5623 -1238.57
359.8583 -11.5623 -1198.37
359.8750 -11.5623 -1151.75
359.8916 -11.5623 -1149.63
359.9083 -11.5623 -1247.71
359.9250 -11.5623 -1468.40
359.9417 -11.5623 -1781.87
359.9583 -11.5623 -2107.98
359.9750 -11.5623 -2355.72
359.9916 -11.5623 -2479.32
359.5083 -11.5786 -732.96
359.5250 -11.5786 -854.96
359.5417 -11.5786 -1016.48
359.5583 -11.5786 -1152.43
359.5750 -11.5786 -1275.45
359.5916 -11.5786 -1428.73
359.6083 -11.5786 -1614.82
359.6250 -11.5786 -1795.93
359.6416 -11.5786 -1938.03
359.6583 -11.5786 -2028.20
359.6750 -11.5786 -2075.99
359.6917 -11.5786 -2115.41
359.7083 -11.5786 -2167.12
359.7250 -11.5786 -2191.96
359.7416 -11.5786 -2127.00
359.7583 -11.5786 -1962.99
359.7750 -11.5786 -1750.93
359.7917 -11.5786 -1548.85
359.8083 -11.5786 -1396.29
359.8250 -11.5786 -1315.79
359.8416 -11.5786 -1303.55
359.8583 -11.5786 -1328.71
359.8750 -11.5786 -1360.69
359.8916 -11.5786 -1398.50
359.9083 -11.5786 -1477.23
359.9250 -11.5786 -1651.06
359.9417 -11.5786 -1949.14
359.9583 -11.5786 -2323.85
359.9750 -11.5786 -2659.42
359.9916 -11.5786 -2850.22
359.5083 -11.5950 -1106.71
359.5250 -11.5950 -1153.65
359.5417 -11.5950 -1185.29
359.5583 -11.5950 -1167.46
359.5750 -11.5950 -1148.22
359.5916 -11.5950 -1206.01
359.6083 -11.5950 -1366.12
359.6250 -11.5950 -1586.23
359.6416 -11.5950 -1798.14
359.6583 -11.5950 -1941.89
359.6750 -11.5950 -1994.36
359.6917 -11.5950 -1992.06
359.7083 -11.5950 -1994.46
359.7250 -11.5950 -2012.67
359.7416 -11.5950 -2005.56
359.7583 -11.5950 -1939.22
359.7750 -11.5950 -1816.87
359.7917 -11.5950 -1662.41
359.8083 -11.5950 -1513.59
359.8250 -11.5950 -1420.14
359.8416 -11.5950 -1411.23
359.8583 -11.5950 -1463.79
359.8750 -11.5950 -1520.44
359.8916 -11.5950 -1545.51
359.9083 -11.5950 -1568.71
359.9250 -11.5950 -1677.56
359.9417 -11.5950 -1944.04
359.9583 -11.5950 -2334.28
359.9750 -11.5950 -2709.47
359.9916 -11.5950 -2930.11
359.5083 -11.6113 -1578.91
359.5250 -11.6113 -1571.30
359.5417 -11.6113 -1495.01
359.5583 -11.6113 -1327.36
359.5750 -11.6113 -1147.49
359.5916 -11.6113 -1079.23
359.6083 -11.6113 -1183.29
359.6250 -11.6113 -1415.64
359.6416 -11.6113 -1666.72
359.6583 -11.6113 -1827.30
359.6750 -11.6113 -1852.81
359.6917 -11.6113 -1794.03
359.7083 -11.6113 -1749.02
359.7250 -11.6113 -1773.45
359.7416 -11.6113 -1845.31
359.7583 -11.6113 -1901.93
359.7750 -11.6113 -1890.24
359.7917 -11.6113 -1793.95
359.8083 -11.6113 -1648.43
359.8250 -11.6113 -1528.77
359.8416 -11.6113 -1492.16
359.8583 -11.6113 -1525.31
359.8750 -11.6113 -1561.42
359.8916 -11.6113 -1554.22
359.9083 -11.6113 -1536.75
359.9250 -11.6113 -1608.27
359.9417 -11.6113 -1843.27
359.9583 -11.6113 -2197.70
359.9750 -11.6113 -2529.32
359.9916 -11.6113 -2716.61
359.5083 -11.6276 -1928.85
359.5250 -11.6276 -1927.92
359.5417 -11.6276 -1842.39
359.5583 -11.6276 -1627.16
359.5750 -11.6276 -1360.93
359.5916 -11.6276 -1190.02
359.6083 -11.6276 -1203.21
359.6250 -11.6276 -1368.90
359.6416 -11.6276 -1568.40
359.6583 -11.6276 -1679.72
359.6750 -11.6276 -1658.65
359.6917 -11.6276 -1565.68
359.7083 -11.6276 -1514.01
359.7250 -11.6276 -1582.07
359.7416 -11.6276 -1757.53
359.7583 -11.6276 -1945.45
359.7750 -11.6276 -2032.59
359.7917 -11.6276 -1964.44
359.8083 -11.6276 -1784.46
359.8250 -11.6276 -1601.63
359.8416 -11.6276 -1502.29
359.8583 -11.6276 -1486.95
359.8750 -11.6276 -1494.90
359.8916 -11.6276 -1484.42
359.9083 -11.6276 -1484.66
359.9250 -11.6276 -1571.67
359.9417 -11.6276 -1783.34
359.9583 -11.6276 -2055.38
359.9750 -11.6276 -2271.07
359.9916 -11.6276 -2372.96
359.5083 -11.6439 -2006.30
359.5250 -11.6439 -2094.19
359.5417 -11.6439 -2140.91
359.5583 -11.6439 -2037.00
359.5750 -11.6439 -1809.02
359.5916 -11.6439 -1583.02
359.6083 -11.6439 -1464.49
359.6250 -11.6439 -1464.39
359.6416 -11.6439 -1511.98
359.6583 -11.6439 -1522.93
359.6750 -11.6439 -1468.57
359.6917 -11.6439 -1396.89
359.7083 -11.6439 -1398.84
359.7250 -11.6439 -1547.60
359.7416 -11.6439 -1831.78
359.7583 -11.6439 -2128.94
359.7750 -11.6439 -2275.22
359.7917 -11.6439 -2190.21
359.8083 -11.6439 -1938.62
359.8250 -11.6439 -1670.17
359.8416 -11.6439 -1498.92
359.8583 -11.6439 -1437.69
359.8750 -11.6439 -1435.61
359.8916 -11.6439 -1457.60
359.9083 -11.6439 -1518.14
359.9250 -11.6439 -1648.58
359.9417 -11.6439 -1836.24
359.9583 -11.6439 -2004.10
359.9750 -11.6439 -2081.02
359.9916 -11.6439 -2085.75
359.5083 -11.6602 -1844.99
359.5250 -11.6602 -2073.25
359.5417 -11.6602 -2346.86
359.5583 -11.6602 -2467.57
359.5750 -11.6602 -2371.05
359.5916 -11.6602 -2129.86
359.6083 -11.6602 -1861.09
359.6250 -11.6602 -1645.32
359.6416 -11.6602 -1500.14
359.6583 -11.6602 -1405.60
359.6750 -11.6602 -1347.74
359.6917 -11.6602 -1341.59
359.7083 -11.6602 -1431.49
359.7250 -11.6602 -1667.95
359.7416 -11.6602 -2037.15
359.7583 -11.6602 -2401.57
359.7750 -11.6602 -2566.63
359.7917 -11.6602 -2441.39
359.8083 -11.6602 -2117.16
359.8250 -11.6602 -1780.76
359.8416 -11.6602 -1565.19
359.8583 -11.6602 -1485.05
359.8750 -11.6602 -1489.50
359.8916 -11.6602 -1543.79
359.9083 -11.6602 -1647.88
359.9250 -11.6602 -1796.83
359.9417 -11.6602 -1943.88
359.9583 -11.6602 -2016.45
359.9750 -11.6602 -1988.34
359.9916 -11.6602 -1927.78
359.5083 -11.6766 -1620.40
359.5250 -11.6766 -1966.97
359.5417 -11.6766 -2442.32
359.5583 -11.6766 -2778.43
359.5750 -11.6766 -2825.10
359.5916 -11.6766 -2596.57
359.6083 -11.6766 -2217.23
359.6250 -11.6766 -1834.31
359.6416 -11.6766 -1545.76
359.6583 -11.6766 -1382.20
359.6750 -11.6766 -1333.99
359.6917 -11.6766 -1384.09
359.7083 -11.6766 -1536.80
359.7250 -11.6766 -1822.05
359.7416 -11.6766 -2226.50
359.7583 -11.6766 -2612.87
359.7750 -11.6766 -2777.59
359.7917 -11.6766 -2627.92
359.8083 -11.6766 -2271.45
359.8250 -11.6766 -1914.72
359.8416 -11.6766 -1696.15
359.8583 -11.6766 -1621.70
359.8750 -11.6766 -1630.03
359.8916 -11.6766 -1682.01
359.9083 -11.6766 -1774.23
359.9250 -11.6766 -1892.18
359.9417 -11.6766 -1984.87
359.9583 -11.6766 -1998.40
359.9750 -11.6766 -1934.11
359.9916 -11.6766 -1863.55
359.5083 -11.6929 -1486.84
359.5250 -11.6929 -1861.90
359.5417 -11.6929 -2405.87
359.5583 -11.6929 -2843.22
359.5750 -11.6929 -2983.26
359.5916 -11.6929 -2797.02
359.6083 -11.6929 -2402.04
359.6250 -11.6929 -1975.70
359.6416 -11.6929 -1650.40
359.6583 -11.6929 -1471.11
359.6750 -11.6929 -1423.11
359.6917 -11.6929 -1475.69
359.7083 -11.6929 -1620.08
359.7250 -11.6929 -1881.83
359.7416 -11.6929 -2256.64
359.7583 -11.6929 -2623.22
359.7750 -11.6929 -2788.19
359.7917 -11.6929 -2658.07
359.8083 -11.6929 -2332.86
359.8250 -11.6929 -2008.88
359.8416 -11.6929 -1813.47
359.8583 -11.6929 -1742.49
359.8750 -11.6929 -1729.13
359.8916 -11.6929 -1738.10
359.9083 -11.6929 -1777.01
359.9250 -11.6929 -1841.75
359.9417 -11.6929 -1894.26
359.9583 -11.6929 -1901.75
359.9750 -11.6929 -1872.47
359.9916 -11.6929 -1843.21
359.5083 -11.7092 -1464.08
359.5250 -11.7092 -1758.13
359.5417 -11.7092 -2209.16
359.5583 -11.7092 -2610.73
359.5750 -11.7092 -2786.33
359.5916 -11.7092 -2677.68
359.6083 -11.7092 -2371.16
359.6250 -11.7092 -2027.81
359.6416 -11.7092 -1768.50
359.6583 -11.7092 -1624.75
359.6750 -11.7092 -1572.17
359.6917 -11.7092 -1580.47
359.7083 -11.7092 -1650.04
359.7250 -11.7092 -1820.05
359.7416 -11.7092 -2106.21
359.7583 -11.7092 -2415.78
359.7750 -11.7092 -2580.99
359.7917 -11.7092 -2510.22
359.8083 -11.7092 -2274.26
359.8250 -11.7092 -2025.95
359.8416 -11.7092 -1860.69
359.8583 -11.7092 -1767.79
359.8750 -11.7092 -1696.39
359.8916 -11.7092 -1637.81
359.9083 -11.7092 -1622.21
359.9250 -11.7092 -1655.67
359.9417 -11.7092 -1707.76
359.9583 -11.7092 -1759.56
359.9750 -11.7092 -1814.10
359.9916 -11.7092 -1856.84
359.5083 -11.7255 -1469.67
359.5250 -11.7255 -1606.20
359.5417 -11.7255 -1853.78
359.5583 -11.7255 -2129.44
359.5750 -11.7255 -2306.25
359.5916 -11.7255 -2301.08
359.6083 -11.7255 -2147.68
359.6250 -11.7255 -1959.78
359.6416 -11.7255 -1825.88
359.6583 -11.7255 -1758.25
359.6750 -11.7255 -1721.58
359.6917 -11.7255 -1684.37
359.7083 -11.7255 -1660.80
359.7250 -11.7255 -1713.69
359.7416 -11.7255 -1884.16
359.7583 -11.7255 -2109.91
359.7750 -11.7255 -2257.96
359.7917 -11.7255 -2251.31
359.8083 -11.7255 -2130.17
359.8250 -11.7255 -1983.75
359.8416 -11.7255 -1854.11
359.8583 -11.7255 -1722.63
359.8750 -11.7255 -1574.58
359.8916 -11.7255 -1449.32
359.9083 -11.7255 -1402.82
359.9250 -11.7255 -1438.71
359.9417 -11.7255 -1521.95
359.9583 -11.7255 -1642.89
359.9750 -11.7255 -1798.27
359.9916 -11.7255 -1921.50
359.5083 -11.7418 -1433.19
359.5250 -11.7418 -1397.47
359.5417 -11.7418 -1418.90
359.5583 -11.7418 -1547.40
359.5750 -11.7418 -1713.38
359.5916 -11.7418 -1811.75
359.6083 -11.7418 -1819.14
359.6250 -11.7418 -1795.32
359.6416 -11.7418 -1797.64
359.6583 -11.7418 -1826.88
359.6750 -11.7418 -1837.96
359.6917 -11.7418 -1789.94
359.7083 -11.7418 -1704.35
359.7250 -11.7418 -1665.88
359.7416 -11.7418 -1734.30
359.7583 -11.7418 -1867.59
359.7750 -11.7418 -1969.94
359.7917 -11.7418 -1998.43
359.8083 -11.7418 -1981.78
359.8250 -11.7418 -1947.48
359.8416 -11.7418 -1873.16
359.8583 -11.7418 -1724.20
359.8750 -11.7418 -1522.40
359.8916 -11.7418 -1353.99
359.9083 -11.7418 -1291.83
359.9250 -11.7418 -1330.56
359.9417 -11.7418 -1434.92
359.9583 -11.7418 -1612.14
359.9750 -11.7418 -1855.65
359.9916 -11.7418 -2050.23
359.5083 -11.7582 -1372.71
359.5250 -11.7582 -1206.53
359.5417 -11.7582 -1054.32
359.5583 -11.7582 -1065.70
359.5750 -11.7582 -1217.82
359.5916 -11.7582 -1393.35
359.6083 -11.7582 -1525.89
359.6250 -11.7582 -1631.45
359.6416 -11.7582 -1744.66
359.6583 -11.7582 -1862.58
359.6750 -11.7582 -1934.62
359.6917 -11.7582 -1909.21
359.7083 -11.7582 -1808.70
359.7250 -11.7582 -1727.99
359.7416 -11.7582 -1730.16
359.7583 -11.7582 -1781.03
359.7750 -11.7582 -1820.87
359.7917 -11.7582 -1853.53
359.8083 -11.7582 -1916.54
359.8250 -11.7582 -1993.10
359.8416 -11.7582 -2003.57
359.8583 -11.7582 -1890.77
359.8750 -11.7582 -1691.80
359.8916 -11.7582 -1510.34
359.9083 -11.7582 -1418.69
359.9250 -11.7582 -1414.67
359.9417 -11.7582 -1491.54
359.9583 -11.7582 -1687.89
359.9750 -11.7582 -1990.43
359.9916 -11.7582 -2236.76
359.5083 -11.7745 -1370.20
359.5250 -11.7745 -1140.47
359.5417 -11.7745 -896.21
359.5583 -11.7745 -834.65
359.5750 -11.7745 -966.38
359.5916 -11.7745 -1179.09
359.6083 -11.7745 -1384.84
359.6250 -11.7745 -1569.02
359.6416 -11.7745 -1748.36
359.6583 -11.7745 -1919.28
359.6750 -11.7745 -2034.21
359.6917 -11.7745 -2040.61
359.7083 -11.7745 -1958.68
359.7250 -11.7745 -1876.98
359.7416 -11.7745 -1847.07
359.7583 -11.7745 -1837.15
359.7750 -11.7745 -1820.16
359.7917 -11.7745 -1843.39
359.8083 -11.7745 -1960.34
359.8250 -11.7745 -2131.78
359.8416 -11.7745 -2243.81
359.8583 -11.7745 -2218.64
359.8750 -11.7745 -2079.44
359.8916 -11.7745 -1905.71
359.9083 -11.7745 -1753.19
359.9250 -11.7745 -1649.04
359.9417 -11.7745 -1651.91
359.9583 -11.7745 -1839.61
359.9750 -11.7745 -2178.12
359.9916 -11.7745 -2457.58
359.5083 -11.7908 -1479.60
359.5250 -11.7908 -1245.24
359.5417 -11.7908 -976.64
359.5583 -11.7908 -872.20
359.5750 -11.7908 -969.39
359.5916 -11.7908 -1180.35
359.6083 -11.7908 -1413.93
359.6250 -11.7908 -1631.60
359.6416 -11.7908 -1830.28
359.6583 -11.7908 -2005.92
359.6750 -11.7908 -2126.46
359.6917 -11.7908 -2154.46
359.7083 -11.7908 -2107.22
359.7250 -11.7908 -2050.85
359.7416 -11.7908 -2015.03
359.7583 -11.7908 -1968.94
359.7750 -11.7908 -1910.06
359.7917 -11.7908 -1914.63
359.8083 -11.7908 -2051.08
359.8250 -11.7908 -2279.24
359.8416 -11.7908 -2478.65
359.8583 -11.7908 -2558.96
359.8750 -11.7908 -2508.30
359.8916 -11.7908 -2352.17
359.9083 -11.7908 -2123.09
359.9250 -11.7908 -1898.56
359.9417 -11.7908 -1821.68
359.9583 -11.7908 -2003.34
359.9750 -11.7908 -2373.31
359.9916 -11.7908 -2676.55
359.5083 -11.8071 -1663.63
359.5250 -11.8071 -1462.59
359.5417 -11.8071 -1213.12
359.5583 -11.8071 -1083.86
359.5750 -11.8071 -1134.24
359.5916 -11.8071 -1315.18
359.6083 -11.8071 -1546.34
359.6250 -11.8071 -1768.58
359.6416 -11.8071 -1953.80
359.6583 -11.8071 -2095.61
359.6750 -11.8071 -2188.03
359.6917 -11.8071 -2222.68
359.7083 -11.8071 -2214.99
359.7250 -11.8071 -2198.98
359.7416 -11.8071 -2176.50
359.7583 -11.8071 -2114.20
359.7750 -11.8071 -2022.48
359.7917 -11.8071 -1992.06
359.8083 -11.8071 -2106.01
359.8250 -11.8071 -2340.51
359.8416 -11.8071 -2588.47
359.8583 -11.8071 -2754.12
359.8750 -11.8071 -2785.84
359.8916 -11.8071 -2652.19
359.9083 -11.8071 -2366.42
359.9250 -11.8071 -2055.73
359.9417 -11.8071 -1934.32
359.9583 -11.8071 -2130.61
359.9750 -11.8071 -2535.43
359.9916 -11.8071 -2858.80
359.5083 -11.8234 -1827.94
359.5250 -11.8234 -1679.23
359.5417 -11.8234 -1477.17
359.5583 -11.8234 -1344.10
359.5750 -11.8234 -1349.24
359.5916 -11.8234 -1484.46
359.6083 -11.8234 -1692.82
359.6250 -11.8234 -1903.98
359.6416 -11.8234 -2064.76
359.6583 -11.8234 -2162.58
359.6750 -11.8234 -2216.43
359.6917 -11.8234 -2248.27
359.7083 -11.8234 -2272.79
359.7250 -11.8234 -2293.66
359.7416 -11.8234 -2287.78
359.7583 -11.8234 -2218.59
359.7750 -11.8234 -2101.17
359.7917 -11.8234 -2029.70
359.8083 -11.8234 -2097.77
359.8250 -11.8234 -2303.61
359.8416 -11.8234 -2561.25
359.8583 -11.8234 -2774.08
359.8750 -11.8234 -2860.62
359.8916 -11.8234 -2752.69
359.9083 -11.8234 -2455.13
359.9250 -11.8234 -2123.86
359.9417 -11.8234 -2006.31
359.9583 -11.8234 -2231.86
359.9750 -11.8234 -2666.12
359.9916 -11.8234 -3003.16
359.5083 -11.8397 -1923.56
359.5250 -11.8397 -1824.48
359.5417 -11.8397 -1676.26
359.5583 -11.8397 -1555.33
359.5750 -11.8397 -1524.80
359.5916 -11.8397 -1606.57
359.6083 -11.8397 -1774.58
359.6250 -11.8397 -1963.82
359.6416 -11.8397 -2106.20
359.6583 -11.8397 -2179.44
359.6750 -11.8397 -2211.84
359.6917 -11.8397 -2239.52
359.7083 -11.8397 -2274.25
359.7250 -11.8397 -2302.49
359.7416 -11.8397 -2293.31
359.7583 -11.8397 -2217.97
359.7750 -11.8397 -2095.32
359.7917 -11.8397 -2008.66
359.8083 -11.8397 -2044.50
359.8250 -11.8397 -2215.83
359.8416 -11.8397 -2460.72
359.8583 -11.8397 -2688.39
359.8750 -11.8397 -2803.09
359.8916 -11.8397 -2725.12
359.9083 -11.8397 -2461.52
359.9250 -11.8397 -2171.83
359.9417 -11.8397 -2096.71
359.9583 -11.8397 -2353.28
359.9750 -11.8397 -2801.32
359.9916 -11.8397 -3140.65
359.5083 -11.8561 -2008.66
359.5250 -11.8561 -1928.87
359.5417 -11.8561 -1800.48
359.5583 -11.8561 -1674.49
359.5750 -11.8561 -1603.30
359.5916 -11.8561 -1624.30
359.6083 -11.8561 -1739.51
359.6250 -11.8561 -1900.91
359.6416 -11.8561 -2038.34
359.6583 -11.8561 -2117.71
359.6750 -11.8561 -2155.71
359.6917 -11.8561 -2179.65
359.7083 -11.8561 -2195.02
359.7250 -11.8561 -2189.55
359.7416 -11.8561 -2149.68
359.7583 -11.8561 -2072.59
359.7750 -11.8561 -1981.32
359.7917 -11.8561 -1927.65
359.8083 -11.8561 -1964.62
359.8250 -11.8561 -2109.66
359.8416 -11.8561 -2331.32
359.8583 -11.8561 -2555.24
359.8750 -11.8561 -2683.15
359.8916 -11.8561 -2637.74
359.9083 -11.8561 -2433.44
359.9250 -11.8561 -2218.47
359.9417 -11.8561 -2202.01
359.9583 -11.8561 -2479.28
359.9750 -11.8561 -2917.75
359.9916 -11.8561 -3242.58
359.5083 -11.8724 -2187.25
359.5250 -11.8724 -2082.33
359.5417 -11.8724 -1909.98
359.5583 -11.8724 -1724.71
359.5750 -11.8724 -1581.10
359.5916 -11.8724 -1527.77
359.6083 -11.8724 -1586.90
359.6250 -11.8724 -1726.20
359.6416 -11.8724 -1875.71
359.6583 -11.8724 -1984.62
359.6750 -11.8724 -2043.91
359.6917 -11.8724 -2061.04
359.7083 -11.8724 -2039.03
359.7250 -11.8724 -1981.75
359.7416 -11.8724 -1907.22
359.7583 -11.8724 -1844.92
359.7750 -11.8724 -1817.12
359.7917 -11.8724 -1828.97
359.8083 -11.8724 -1885.83
359.8250 -11.8724 -2006.30
359.8416 -11.8724 -2194.95
359.8583 -11.8724 -2400.35
359.8750 -11.8724 -2525.70
359.8916 -11.8724 -2498.39
359.9083 -11.8724 -2341.96
359.9250 -11.8724 -2191.19
359.9417 -11.8724 -2215.24
359.9583 -11.8724 -2480.55
359.9750 -11.8724 -2869.47
359.9916 -11.8724 -3151.90
359.5083 -11.8887 -2482.11
359.5250 -11.8887 -2325.27
359.5417 -11.8887 -2061.89
359.5583 -11.8887 -1764.82
359.5750 -11.8887 -1507.86
359.5916 -11.8887 -1359.62
359.6083 -11.8887 -1361.23
359.6250 -11.8887 -1490.59
359.6416 -11.8887 -1670.08
359.6583 -11.8887 -1822.32
359.6750 -11.8887 -1908.00
359.6917 -11.8887 -1922.46
359.7083 -11.8887 -1879.69
359.7250 -11.8887 -1803.12
359.7416 -11.8887 -1729.61
359.7583 -11.8887 -1702.78
359.7750 -11.8887 -1736.84
359.7917 -11.8887 -1799.85
359.8083 -11.8887 -1864.35
359.8250 -11.8887 -1953.97
359.8416 -11.8887 -2100.84
359.8583 -11.8887 -2267.90
359.8750 -11.8887 -2357.64
359.8916 -11.8887 -2304.53
359.9083 -11.8887 -2146.90
359.9250 -11.8887 -2011.77
359.9417 -11.8887 -2027.02
359.9583 -11.8887 -2225.09
359.9750 -11.8887 -2508.39
359.9916 -11.8887 -2711.14
359.5083 -11.9050 -2782.68
359.5250 -11.9050 -2580.76
359.5417 -11.9050 -2228.66
359.5583 -11.9050 -1810.40
359.5750 -11.9050 -1423.43
359.5916 -11.9050 -1165.16
359.6083 -11.9050 -1102.20
359.6250 -11.9050 -1225.34
359.6416 -11.9050 -1445.37
359.6583 -11.9050 -1650.23
359.6750 -11.9050 -1771.17
359.6917 -11.9050 -1806.96
359.7083 -11.9050 -1796.27
359.7250 -11.9050 -1772.35
359.7416 -11.9050 -1756.79
359.7583 -11.9050 -1774.02
359.7750 -11.9050 -1829.32
359.7917 -11.9050 -1889.34
359.8083 -11.9050 -1931.15
359.8250 -11.9050 -1987.24
359.8416 -11.9050 -2092.86
359.8583 -11.9050 -2203.31
359.8750 -11.9050 -2216.62
359.8916 -11.9050 -2083.43
359.9083 -11.9050 -1868.80
359.9250 -11.9050 -1699.29
359.9417 -11.9050 -1660.40
359.9583 -11.9050 -1746.12
359.9750 -11.9050 -1881.48
359.9916 -11.9050 -1977.36
359.5083 -11.9213 -2920.22
359.5250 -11.9213 -2697.65
359.5417 -11.9213 -2294.64
359.5583 -11.9213 -1793.72
359.5750 -11.9213 -1306.88
359.5916 -11.9213 -954.64
359.6083 -11.9213 -828.94
359.6250 -11.9213 -940.15
359.6416 -11.9213 -1194.92
359.6583 -11.9213 -1450.76
359.6750 -11.9213 -1615.72
359.6917 -11.9213 -1701.67
359.7083 -11.9213 -1774.31
359.7250 -11.9213 -1861.12
359.7416 -11.9213 -1938.73
359.7583 -11.9213 -1989.27
359.7750 -11.9213 -2016.75
359.7917 -11.9213 -2023.38
359.8083 -11.9213 -2022.32
359.8250 -11.9213 -2053.24
359.8416 -11.9213 -2130.20
359.8583 -11.9213 -2182.51
359.8750 -11.9213 -2103.64
359.8916 -11.9213 -1870.99
359.9083 -11.9213 -1585.19
359.9250 -11.9213 -1373.99
359.9417 -11.9213 -1278.53
359.9583 -11.9213 -1252.67
359.9750 -11.9213 -1242.50
359.9916 -11.9213 -1233.40
359.5083 -11.9376 -2792.72
359.5250 -11.9376 -2570.27
359.5417 -11.9376 -2160.70
359.5583 -11.9376 -1643.57
359.5750 -11.9376 -1133.10
359.5916 -11.9376 -751.48
359.6083 -11.9376 -596.58
359.6250 -11.9376 -693.05
359.6416 -11.9376 -955.70
359.6583 -11.9376 -1233.71
359.6750 -11.9376 -1429.00
359.6917 -11.9376 -1566.77
359.7083 -11.9376 -1726.14
359.7250 -11.9376 -1916.62
359.7416 -11.9376 -2068.34
359.7583 -11.9376 -2127.64
359.7750 -11.9376 -2107.34
359.7917 -11.9376 -2054.46
359.8083 -11.9376 -2019.88
359.8250 -11.9376 -2043.33
359.8416 -11.9376 -2110.65
359.8583 -11.9376 -2125.97
359.8750 -11.9376 -1984.68
359.8916 -11.9376 -1693.67
359.9083 -11.9376 -1382.48
359.9250 -11.9376 -1171.31
359.9417 -11.9376 -1057.80
359.9583 -11.9376 -962.65
359.9750 -11.9376 -850.45
359.9916 -11.9376 -765.51
359.5083 -11.9539 -2438.80
359.5250 -11.9539 -2231.29
359.5417 -11.9539 -1855.93
359.5583 -11.9539 -1396.30
359.5750 -11.9539 -959.24
359.5916 -11.9539 -642.99
359.6083 -11.9539 -519.25
359.6250 -11.9539 -605.87
359.6416 -11.9539 -833.89
359.6583 -11.9539 -1078.26
359.6750 -11.9539 -1262.85
359.6917 -11.9539 -1420.99
359.7083 -11.9539 -1620.15
359.7250 -11.9539 -1846.14
359.7416 -11.9539 -2009.86
359.7583 -11.9539 -2054.08
359.7750 -11.9539 -2005.28
359.7917 -11.9539 -1931.66
359.8083 -11.9539 -1895.16
359.8250 -11.9539 -1927.64
359.8416 -11.9539 -1998.64
359.8583 -11.9539 -2006.23
359.8750 -11.9539 -1858.69
359.8916 -11.9539 -1584.69
359.9083 -11.9539 -1320.45
359.9250 -11.9539 -1163.53
359.9417 -11.9539 -1076.21
359.9583 -11.9539 -963.32
359.9750 -11.9539 -806.97
359.9916 -11.9539 -686.82
359.5083 -11.9702 -2021.49
359.5250 -11.9702 -1839.31
359.5417 -11.9702 -1528.10
359.5583 -11.9702 -1180.24
359.5750 -11.9702 -888.90
359.5916 -11.9702 -712.77
359.6083 -11.9702 -673.95
359.6250 -11.9702 -761.52
359.6416 -11.9702 -922.68
359.6583 -11.9702 -1084.92
359.6750 -11.9702 -1219.11
359.6917 -11.9702 -1360.81
359.7083 -11.9702 -1542.74
359.7250 -11.9702 -1728.51
359.7416 -11.9702 -1846.63
359.7583 -11.9702 -1871.15
359.7750 -11.9702 -1836.92
359.7917 -11.9702 -1794.96
359.8083 -11.9702 -1784.86
359.8250 -11.9702 -1826.37
359.8416 -11.9702 -1892.35
359.8583 -11.9702 -1899.87
359.8750 -11.9702 -1782.53
359.8916 -11.9702 -1580.22
359.9083 -11.9702 -1412.05
359.9250 -11.9702 -1341.65
359.9417 -11.9702 -1309.17
359.9583 -11.9702 -1221.91
359.9750 -11.9702 -1076.13
359.9916 -11.9702 -960.55
359.5083 -11.9865 -1729.48
359.5250 -11.9865 -1566.65
359.5417 -11.9865 -1315.12
359.5583 -11.9865 -1080.93
359.5750 -11.9865 -943.42
359.5916 -11.9865 -922.22
359.6083 -11.9865 -989.28
359.6250 -11.9865 -1097.74
359.6416 -11.9865 -1202.79
359.6583 -11.9865 -1284.38
359.6750 -11.9865 -1363.34
359.6917 -11.9865 -1472.70
359.7083 -11.9865 -1605.02
359.7250 -11.9865 -1713.98
359.7416 -11.9865 -1773.40
359.7583 -11.9865 -1803.74
359.7750 -11.9865 -1832.21
359.7917 -11.9865 -1860.16
359.8083 -11.9865 -1883.45
359.8250 -11.9865 -1910.14
359.8416 -11.9865 -1932.27
359.8583 -11.9865 -1906.44
359.8750 -11.9865 -1804.25
359.8916 -11.9865 -1673.80
359.9083 -11.9865 -1606.53
359.9250 -11.9865 -1630.47
359.9417 -11.9865 -1673.14
359.9583 -11.9865 -1650.11
359.9750 -11.9865 -1561.26
359.9916 -11.9865 -1482.19
359.5083 -12.0028 -1647.65
359.5250 -12.0028 -1473.34
359.5417 -12.0028 -1232.05
359.5583 -12.0028 -1056.91
359.5750 -12.0028 -1022.38
359.5916 -12.0028 -1119.09
359.6083 -12.0028 -1282.72
359.6250 -12.0028 -1438.15
359.6416 -12.0028 -1538.29
359.6583 -12.0028 -1591.50
359.6750 -12.0028 -1647.13
359.6917 -12.0028 -1731.11
359.7083 -12.0028 -1810.21
359.7250 -12.0028 -1850.44
359.7416 -12.0028 -1882.76
359.7583 -12.0028 -1965.20
359.7750 -12.0028 -2095.69
359.7917 -12.0028 -2208.44
359.8083 -12.0028 -2250.57
359.8250 -12.0028 -2222.84
359.8416 -12.0028 -2146.11
359.8583 -12.0028 -2028.70
359.8750 -12.0028 -1890.13
359.8916 -12.0028 -1791.64
359.9083 -12.0028 -1800.46
359.9250 -12.0028 -1913.75
359.9417 -12.0028 -2047.01
359.9583 -12.0028 -2115.26
359.9750 -12.0028 -2108.39
359.9916 -12.0028 -2079.65
359.5083 -12.0191 -1705.38
359.5250 -12.0191 -1481.95
359.5417 -12.0191 -1188.83
359.5583 -12.0191 -1004.54
359.5750 -12.0191 -1011.91
359.5916 -12.0191 -1179.91
359.6083 -12.0191 -1417.39
359.6250 -12.0191 -1631.79
359.6416 -12.0191 -1772.13
359.6583 -12.0191 -1853.25
359.6750 -12.0191 -1926.02
359.6917 -12.0191 -2002.33
359.7083 -12.0191 -2041.78
359.7250 -12.0191 -2042.77
359.7416 -12.0191 -2091.36
359.7583 -12.0191 -2263.40
359.7750 -12.0191 -2511.03
359.7917 -12.0191 -2698.80
359.8083 -12.0191 -2731.55
359.8250 -12.0191 -2611.55
359.8416 -12.0191 -2396.34
359.8583 -12.0191 -2149.85
359.8750 -12.0191 -1939.13
359.8916 -12.0191 -1838.55
359.9083 -12.0191 -1895.37
359.9250 -12.0191 -2080.79
359.9417 -12.0191 -2296.03
359.9583 -12.0191 -2446.07
359.9750 -12.0191 -2505.60
359.9916 -12.0191 -2513.38
359.5083 -12.0354 -1763.02
359.5250 -12.0354 -1478.32
359.5417 -12.0354 -1108.99
359.5583 -12.0354 -883.79
359.5750 -12.0354 -901.11
359.5916 -12.0354 -1110.52
359.6083 -12.0354 -1394.22
359.6250 -12.0354 -1649.22
359.6416 -12.0354 -1830.98
359.6583 -12.0354 -1959.73
359.6750 -12.0354 -2073.60
359.6917 -12.0354 -2161.37
359.7083 -12.0354 -2181.06
359.7250 -12.0354 -2167.34
359.7416 -12.0354 -2250.32
359.7583 -12.0354 -2509.59
359.7750 -12.0354 -2851.07
359.7917 -12.0354 -3080.57
359.8083 -12.0354 -3073.32
359.8250 -12.0354 -2844.34
359.8416 -12.0354 -2494.30
359.8583 -12.0354 -2137.37
359.8750 -12.0354 -1872.14
359.8916 -12.0354 -1770.94
359.9083 -12.0354 -1855.90
359.9250 -12.0354 -2076.58
359.9417 -12.0354 -2326.42
359.9583 -12.0354 -2505.30
359.9750 -12.0354 -2580.90
359.9916 -12.0354 -2592.86
359.5083 -12.0517 -1752.00
359.5250 -12.0517 -1432.09
359.5417 -12.0517 -1016.15
359.5583 -12.0517 -761.89
359.5750 -12.0517 -779.61
359.5916 -12.0517 -1006.13
359.6083 -12.0517 -1302.17
359.6250 -12.0517 -1560.09
359.6416 -12.0517 -1753.37
359.6583 -12.0517 -1917.80
359.6750 -12.0517 -2078.62
359.6917 -12.0517 -2194.80
359.7083 -12.0517 -2214.34
359.7250 -12.0517 -2194.34
359.7416 -12.0517 -2293.23
359.7583 -12.0517 -2592.84
359.7750 -12.0517 -2970.61
359.7917 -12.0517 -3196.60
359.8083 -12.0517 -3132.17
359.8250 -12.0517 -2812.24
359.8416 -12.0517 -2377.40
359.8583 -12.0517 -1974.49
359.8750 -12.0517 -1706.71
359.8916 -12.0517 -1621.73
359.9083 -12.0517 -1710.04
359.9250 -12.0517 -1910.30
359.9417 -12.0517 -2128.05
359.9583 -12.0517 -2276.28
359.9750 -12.0517 -2326.35
359.9916 -12.0517 -2321.93
359.5083 -12.0680 -1720.23
359.5250 -12.0680 -1411.84
359.5417 -12.0680 -1005.75
359.5583 -12.0680 -748.90
359.5750 -12.0680 -752.48
359.5916 -12.0680 -957.75
359.6083 -12.0680 -1225.79
359.6250 -12.0680 -1454.24
359.6416 -12.0680 -1635.80
359.6583 -12.0680 -1822.53
359.6750 -12.0680 -2029.17
359.6917 -12.0680 -2184.76
359.7083 -12.0680 -2218.05
359.7250 -12.0680 -2189.31
359.7416 -12.0680 -2269.61
359.7583 -12.0680 -2548.04
359.7750 -12.0680 -2898.84
359.7917 -12.0680 -3084.54
359.8083 -12.0680 -2969.09
359.8250 -12.0680 -2606.58
359.8416 -12.0680 -2159.51
359.8583 -12.0680 -1778.93
359.8750 -12.0680 -1546.13
359.8916 -12.0680 -1471.52
359.9083 -12.0680 -1521.00
359.9250 -12.0680 -1644.26
359.9417 -12.0680 -1783.91
359.9583 -12.0680 -1882.12
359.9750 -12.0680 -1912.61
359.9916 -12.0680 -1904.57
359.5083 -12.0843 -1750.75
359.5250 -12.0843 -1496.83
359.5417 -12.0843 -1152.03
359.5583 -12.0843 -912.65
359.5750 -12.0843 -876.93
359.5916 -12.0843 -1010.01
359.6083 -12.0843 -1205.48
359.6250 -12.0843 -1383.59
359.6416 -12.0843 -1550.52
359.6583 -12.0843 -1760.35
359.6750 -12.0843 -2011.50
359.6917 -12.0843 -2206.41
359.7083 -12.0843 -2255.12
359.7250 -12.0843 -2212.14
359.7416 -12.0843 -2250.83
359.7583 -12.0843 -2469.25
359.7750 -12.0843 -2755.22
359.7917 -12.0843 -2886.08
359.8083 -12.0843 -2742.62
359.8250 -12.0843 -2393.24
359.8416 -12.0843 -1998.61
359.8583 -12.0843 -1685.32
359.8750 -12.0843 -1496.10
359.8916 -12.0843 -1407.19
359.9083 -12.0843 -1379.38
359.9250 -12.0843 -1397.19
359.9417 -12.0843 -1456.17
359.9583 -12.0843 -1530.39
359.9750 -12.0843 -1583.47
359.9916 -12.0843 -1604.47
359.5083 -12.1006 -1866.38
359.5250 -12.1006 -1696.24
359.5417 -12.1006 -1449.15
359.5583 -12.1006 -1242.66
359.5750 -12.1006 -1147.54
359.5916 -12.1006 -1162.19
359.6083 -12.1006 -1239.31
359.6250 -12.1006 -1344.02
359.6416 -12.1006 -1496.25
359.6583 -12.1006 -1734.85
359.6750 -12.1006 -2027.19
359.6917 -12.1006 -2249.28
359.7083 -12.1006 -2302.18
359.7250 -12.1006 -2240.67
359.7416 -12.1006 -2236.93
359.7583 -12.1006 -2391.61
359.7750 -12.1006 -2608.15
359.7917 -12.1006 -2690.59
359.8083 -12.1006 -2546.53
359.8250 -12.1006 -2253.87
359.8416 -12.1006 -1953.88
359.8583 -12.1006 -1733.10
359.8750 -12.1006 -1593.08
359.8916 -12.1006 -1486.40
359.9083 -12.1006 -1383.73
359.9250 -12.1006 -1313.53
359.9417 -12.1006 -1322.94
359.9583 -12.1006 -1410.12
359.9750 -12.1006 -1519.18
359.9916 -12.1006 -1589.44
359.5083 -12.1169 -2014.87
359.5250 -12.1169 -1944.29
359.5417 -12.1169 -1817.48
359.5583 -12.1169 -1660.59
359.5750 -12.1169 -1505.55
359.5916 -12.1169 -1379.89
359.6083 -12.1169 -1304.03
359.6250 -12.1169 -1305.03
359.6416 -12.1169 -1426.19
359.6583 -12.1169 -1684.96
359.6750 -12.1169 -2006.15
359.6917 -12.1169 -2238.60
359.7083 -12.1169 -2285.72
359.7250 -12.1169 -2212.20
359.7416 -12.1169 -2184.44
359.7583 -12.1169 -2292.81
359.7750 -12.1169 -2452.36
359.7917 -12.1169 -2502.97
359.8083 -12.1169 -2385.42
359.8250 -12.1169 -2179.63
359.8416 -12.1169 -1996.10
359.8583 -12.1169 -1880.50
359.8750 -12.1169 -1803.70
359.8916 -12.1169 -1706.15
359.9083 -12.1169 -1570.47
359.9250 -12.1169 -1458.86
359.9417 -12.1169 -1454.66
359.9583 -12.1169 -1570.18
359.9750 -12.1169 -1732.18
359.9916 -12.1169 -1843.56
359.5083 -12.1332 -2120.64
359.5250 -12.1332 -2148.21
359.5417 -12.1332 -2145.92
359.5583 -12.1332 -2055.42
359.5750 -12.1332 -1866.87
359.5916 -12.1332 -1622.58
359.6083 -12.1332 -1396.42
359.6250 -12.1332 -1275.59
359.6416 -12.1332 -1335.46
359.6583 -12.1332 -1581.43
359.6750 -12.1332 -1903.03
359.6917 -12.1332 -2130.51
359.7083 -12.1332 -2177.21
359.7250 -12.1332 -2115.79
359.7416 -12.1332 -2093.22
359.7583 -12.1332 -2175.48
359.7750 -12.1332 -2290.13
359.7917 -12.1332 -2325.34
359.8083 -12.1332 -2258.19
359.8250 -12.1332 -2158.15
359.8416 -12.1332 -2093.65
359.8583 -12.1332 -2073.97
359.8750 -12.1332 -2056.06
359.8916 -12.1332 -1983.15
359.9083 -12.1332 -1849.29
359.9250 -12.1332 -1733.41
359.9417 -12.1332 -1734.51
359.9583 -12.1332 -1869.85
359.9750 -12.1332 -2057.41
359.9916 -12.1332 -2186.10
359.5083 -12.1495 -2166.57
359.5250 -12.1495 -2265.00
359.5417 -12.1495 -2361.33
359.5583 -12.1495 -2343.93
359.5750 -12.1495 -2169.75
359.5916 -12.1495 -1876.44
359.6083 -12.1495 -1557.79
359.6250 -12.1495 -1334.49
359.6416 -12.1495 -1309.01
359.6583 -12.1495 -1492.70
359.6750 -12.1495 -1769.19
359.6917 -12.1495 -1972.38
359.7083 -12.1495 -2027.88
359.7250 -12.1495 -2002.35
359.7416 -12.1495 -2007.12
359.7583 -12.1495 -2077.06
359.7750 -12.1495 -2156.93
359.7917 -12.1495 -2189.48
359.8083 -12.1495 -2183.94
359.8250 -12.1495 -2187.01
359.8416 -12.1495 -2217.25
359.8583 -12.1495 -2251.38
359.8750 -12.1495 -2247.71
359.8916 -12.1495 -2171.44
359.9083 -12.1495 -2035.96
359.9250 -12.1495 -1925.84
359.9417 -12.1495 -1936.87
359.9583 -12.1495 -2081.69
359.9750 -12.1495 -2274.93
359.9916 -12.1495 -2405.41
359.5083 -12.1658 -2237.95
359.5250 -12.1658 -2352.81
359.5417 -12.1658 -2484.75
359.5583 -12.1658 -2519.52
359.5750 -12.1658 -2401.08
359.5916 -12.1658 -2146.88
359.6083 -12.1658 -1831.39
359.6250 -12.1658 -1565.16
359.6416 -12.1658 -1454.65
359.6583 -12.1658 -1530.98
359.6750 -12.1658 -1709.58
359.6917 -12.1658 -1855.76
359.7083 -12.1658 -1906.83
359.7250 -12.1658 -1910.06
359.7416 -12.1658 -1937.61
359.7583 -12.1658 -1999.98
359.7750 -12.1658 -2060.01
359.7917 -12.1658 -2102.15
359.8083 -12.1658 -2151.15
359.8250 -12.1658 -2224.79
359.8416 -12.1658 -2296.87
359.8583 -12.1658 -2320.35
359.8750 -12.1658 -2266.76
359.8916 -12.1658 -2139.13
359.9083 -12.1658 -1980.50
359.9250 -12.1658 -1876.08
359.9417 -12.1658 -1904.59
359.9583 -12.1658 -2065.31
359.9750 -12.1658 -2269.04
359.9916 -12.1658 -2404.65
359.5083 -12.1821 -2447.97
359.5250 -12.1821 -2514.52
359.5417 -12.1821 -2595.34
359.5583 -12.1821 -2624.87
359.5750 -12.1821 -2563.23
359.5916 -12.1821 -2407.17
359.6083 -12.1821 -2184.65
359.6250 -12.1821 -1952.59
359.6416 -12.1821 -1786.73
359.6583 -12.1821 -1736.62
359.6750 -12.1821 -1776.13
359.6917 -12.1821 -1824.93
359.7083 -12.1821 -1834.31
359.7250 -12.1821 -1828.88
359.7416 -12.1821 -1851.36
359.7583 -12.1821 -1902.47
359.7750 -12.1821 -1959.24
359.7917 -12.1821 -2022.11
359.8083 -12.1821 -2107.59
359.8250 -12.1821 -2203.89
359.8416 -12.1821 -2258.10
359.8583 -12.1821 -2217.64
359.8750 -12.1821 -2075.82
359.8916 -12.1821 -1875.32
359.9083 -12.1821 -1687.82
359.9250 -12.1821 -1595.72
359.9417 -12.1821 -1655.75
359.9583 -12.1821 -1850.05
359.9750 -12.1821 -2082.24
359.9916 -12.1821 -2235.21
359.5083 -12.1984 -2791.80
359.5250 -12.1984 -2763.43
359.5417 -12.1984 -2717.81
359.5583 -12.1984 -2667.74
359.5750 -12.1984 -2619.55
359.5916 -12.1984 -2566.86
359.6083 -12.1984 -2487.13
359.6250 -12.1984 -2358.06
359.6416 -12.1984 -2192.12
359.6583 -12.1984 -2038.53
359.6750 -12.1984 -1932.26
359.6917 -12.1984 -1860.16
359.7083 -12.1984 -1797.26
359.7250 -12.1984 -1751.75
359.7416 -12.1984 -1745.79
359.7583 -12.1984 -1778.51
359.7750 -12.1984 -1836.70
359.7917 -12.1984 -1918.51
359.8083 -12.1984 -2017.63
359.8250 -12.1984 -2097.68
359.8416 -12.1984 -2099.99
359.8583 -12.1984 -1985.16
359.8750 -12.1984 -1769.19
359.8916 -12.1984 -1518.88
359.9083 -12.1984 -1319.60
359.9250 -12.1984 -1248.91
359.9417 -12.1984 -1347.64
359.9583 -12.1984 -1584.27
359.9750 -12.1984 -1853.31
359.9916 -12.1984 -2028.48
359.5083 -12.2147 -3114.88
359.5250 -12.2147 -2981.92
359.5417 -12.2147 -2779.99
359.5583 -12.2147 -2599.37
359.5750 -12.2147 -2510.16
359.5916 -12.2147 -2527.28
359.6083 -12.2147 -2594.53
359.6250 -12.2147 -2612.29
359.6416 -12.2147 -2514.38
359.6583 -12.2147 -2323.04
359.6750 -12.2147 -2112.91
359.6917 -12.2147 -1935.69
359.7083 -12.2147 -1802.89
359.7250 -12.2147 -1717.89
359.7416 -12.2147 -1684.46
359.7583 -12.2147 -1696.29
359.7750 -12.2147 -1744.52
359.7917 -12.2147 -1821.92
359.8083 -12.2147 -1904.75
359.8250 -12.2147 -1946.28
359.8416 -12.2147 -1897.95
359.8583 -12.2147 -1740.80
359.8750 -12.2147 -1503.84
359.8916 -12.2147 -1254.38
359.9083 -12.2147 -1071.82
359.9250 -12.2147 -1026.87
359.9417 -12.2147 -1154.69
359.9583 -12.2147 -1418.90
359.9750 -12.2147 -1709.20
359.9916 -12.2147 -1895.61
359.5083 -12.2309 -3260.97
359.5250 -12.2309 -3045.59
359.5417 -12.2309 -2710.30
359.5583 -12.2309 -2401.84
359.5750 -12.2309 -2249.40
359.5916 -12.2309 -2300.55
359.6083 -12.2309 -2487.33
359.6250 -12.2309 -2657.21
359.6416 -12.2309 -2675.76
359.6583 -12.2309 -2522.35
359.6750 -12.2309 -2280.48
359.6917 -12.2309 -2047.19
359.7083 -12.2309 -1873.77
359.7250 -12.2309 -1771.26
359.7416 -12.2309 -1728.87
359.7583 -12.2309 -1727.16
359.7750 -12.2309 -1752.39
359.7917 -12.2309 -1794.74
359.8083 -12.2309 -1831.10
359.8250 -12.2309 -1824.66
359.8416 -12.2309 -1745.02
359.8583 -12.2309 -1588.56
359.8750 -12.2309 -1384.63
359.8916 -12.2309 -1184.55
359.9083 -12.2309 -1046.08
359.9250 -12.2309 -1024.82
359.9417 -12.2309 -1152.72
359.9583 -12.2309 -1399.92
359.9750 -12.2309 -1667.47
359.9916 -12.2309 -1837.87
359.5083 -12.2472 -3227.40
359.5250 -12.2472 -2962.75
359.5417 -12.2472 -2548.70
359.5583 -12.2472 -2166.80
359.5750 -12.2472 -1980.75
359.5916 -12.2472 -2055.91
359.6083 -12.2472 -2320.10
359.6250 -12.2472 -2597.88
359.6416 -12.2472 -2720.07
359.6583 -12.2472 -2634.03
359.6750 -12.2472 -2413.03
359.6917 -12.2472 -2171.29
359.7083 -12.2472 -1987.95
359.7250 -12.2472 -1888.86
359.7416 -12.2472 -1857.38
359.7583 -12.2472 -1856.98
359.7750 -12.2472 -1859.47
359.7917 -12.2472 -1854.49
359.8083 -12.2472 -1835.70
359.8250 -12.2472 -1789.11
359.8416 -12.2472 -1699.82
359.8583 -12.2472 -1569.90
359.8750 -12.2472 -1424.69
359.8916 -12.2472 -1298.10
359.9083 -12.2472 -1217.39
359.9250 -12.2472 -1207.25
359.9417 -12.2472 -1288.51
359.9583 -12.2472 -1450.39
359.9750 -12.2472 -1631.72
359.9916 -12.2472 -1749.69
359.5083 -12.2635 -3132.12
359.5250 -12.2635 -2849.32
359.5417 -12.2635 -2419.47
359.5583 -12.2635 -2044.57
359.5750 -12.2635 -1889.06
359.5916 -12.2635 -2000.89
359.6083 -12.2635 -2292.30
359.6250 -12.2635 -2588.77
359.6416 -12.2635 -2731.50
359.6583 -12.2635 -2670.23
359.6750 -12.2635 -2469.08
359.6917 -12.2635 -2236.08
359.7083 -12.2635 -2058.31
359.7250 -12.2635 -1974.19
359.7416 -12.2635 -1965.88
359.7583 -12.2635 -1978.86
359.7750 -12.2635 -1968.56
359.7917 -12.2635 -1929.73
359.8083 -12.2635 -1879.21
359.8250 -12.2635 -1820.87
359.8416 -12.2635 -1741.89
359.8583 -12.2635 -1642.80
359.8750 -12.2635 -1551.13
359.8916 -12.2635 -1493.16
359.9083 -12.2635 -1464.86
359.9250 -12.2635 -1447.11
359.9417 -12.2635 -1440.01
359.9583 -12.2635 -1460.27
359.9750 -12.2635 -1505.86
359.9916 -12.2635 -1544.61
359.5083 -12.2798 -3050.05
359.5250 -12.2798 -2782.56
359.5417 -12.2798 -2402.15
359.5583 -12.2798 -2114.74
359.5750 -12.2798 -2050.58
359.5916 -12.2798 -2204.29
359.6083 -12.2798 -2460.22
359.6250 -12.2798 -2667.04
359.6416 -12.2798 -2719.82
359.6583 -12.2798 -2606.56
359.6750 -12.2798 -2390.73
359.6917 -12.2798 -2160.03
359.7083 -12.2798 -1991.96
359.7250 -12.2798 -1927.07
359.7416 -12.2798 -1941.59
359.7583 -12.2798 -1964.38
359.7750 -12.2798 -1945.30
359.7917 -12.2798 -1895.93
359.8083 -12.2798 -1852.19
359.8250 -12.2798 -1815.88
359.8416 -12.2798 -1758.99
359.8583 -12.2798 -1679.27
359.8750 -12.2798 -1617.26
359.8916 -12.2798 -1604.82
359.9083 -12.2798 -1615.44
359.9250 -12.2798 -1587.72
359.9417 -12.2798 -1496.63
359.9583 -12.2798 -1380.99
359.9750 -12.2798 -1295.43
359.9916 -12.2798 -1257.70
359.5083 -12.2961 -2945.64
359.5250 -12.2961 -2731.80
359.5417 -12.2961 -2463.15
359.5583 -12.2961 -2322.15
359.5750 -12.2961 -2374.00
359.5916 -12.2961 -2541.82
359.6083 -12.2961 -2689.38
359.6250 -12.2961 -2717.13
359.6416 -12.2961 -2604.33
359.6583 -12.2961 -2392.32
359.6750 -12.2961 -2142.70
359.6917 -12.2961 -1914.14
359.7083 -12.2961 -1762.75
359.7250 -12.2961 -1717.81
359.7416 -12.2961 -1741.64
359.7583 -12.2961 -1753.91
359.7750 -12.2961 -1718.19
359.7917 -12.2961 -1674.00
359.8083 -12.2961 -1665.57
359.8250 -12.2961 -1670.89
359.8416 -12.2961 -1634.81
359.8583 -12.2961 -1554.64
359.8750 -12.2961 -1492.33
359.8916 -12.2961 -1496.88
359.9083 -12.2961 -1536.55
359.9250 -12.2961 -1524.71
359.9417 -12.2961 -1412.11
359.9583 -12.2961 -1237.89
359.9750 -12.2961 -1084.22
359.9916 -12.2961 -1002.63
359.5083 -12.3124 -2766.25
359.5250 -12.3124 -2635.40
359.5417 -12.3124 -2514.70
359.5583 -12.3124 -2533.81
359.5750 -12.3124 -2677.02
359.5916 -12.3124 -2804.99
359.6083 -12.3124 -2788.42
359.6250 -12.3124 -2604.83
359.6416 -12.3124 -2322.86
359.6583 -12.3124 -2024.96
359.6750 -12.3124 -1759.00
359.6917 -12.3124 -1550.91
359.7083 -12.3124 -1430.71
359.7250 -12.3124 -1406.93
359.7416 -12.3124 -1425.21
359.7583 -12.3124 -1407.21
359.7750 -12.3124 -1344.44
359.7917 -12.3124 -1307.76
359.8083 -12.3124 -1342.68
359.8250 -12.3124 -1395.79
359.8416 -12.3124 -1380.88
359.8583 -12.3124 -1291.20
359.8750 -12.3124 -1207.22
359.8916 -12.3124 -1200.83
359.9083 -12.3124 -1256.12
359.9250 -12.3124 -1288.04
359.9417 -12.3124 -1231.01
359.9583 -12.3124 -1099.38
359.9750 -12.3124 -962.73
359.9916 -12.3124 -881.89
359.5083 -12.3287 -2522.87
359.5250 -12.3287 -2483.25
359.5417 -12.3287 -2503.60
359.5583 -12.3287 -2642.45
359.5750 -12.3287 -2814.99
359.5916 -12.3287 -2856.49
359.6083 -12.3287 -2676.67
359.6250 -12.3287 -2330.77
359.6416 -12.3287 -1947.83
359.6583 -12.3287 -1619.63
359.6750 -12.3287 -1369.40
359.6917 -12.3287 -1197.82
359.7083 -12.3287 -1116.63
359.7250 -12.3287 -1115.68
359.7416 -12.3287 -1127.52
359.7583 -12.3287 -1079.20
359.7750 -12.3287 -985.89
359.7917 -12.3287 -944.68
359.8083 -12.3287 -1010.48
359.8250 -12.3287 -1114.79
359.8416 -12.3287 -1143.33
359.8583 -12.3287 -1067.97
359.8750 -12.3287 -966.14
359.8916 -12.3287 -927.36
359.9083 -12.3287 -969.83
359.9250 -12.3287 -1041.25
359.9417 -12.3287 -1079.04
359.9583 -12.3287 -1061.41
359.9750 -12.3287 -1012.32
359.9916 -12.3287 -973.33
359.5083 -12.3449 -2251.50
359.5250 -12.3449 -2299.35
359.5417 -12.3449 -2429.80
359.5583 -12.3449 -2622.87
359.5750 -12.3449 -2759.60
359.5916 -12.3449 -2703.95
359.6083 -12.3449 -2428.23
359.6250 -12.3449 -2036.18
359.6416 -12.3449 -1661.45
359.6583 -12.3449 -1366.45
359.6750 -12.3449 -1147.68
359.6917 -12.3449 -1002.23
359.7083 -12.3449 -947.04
359.7250 -12.3449 -968.35
359.7416 -12.3449 -989.49
359.7583 -12.3449 -930.77
359.7750 -12.3449 -808.27
359.7917 -12.3449 -736.02
359.8083 -12.3449 -799.61
359.8250 -12.3449 -949.21
359.8416 -12.3449 -1053.32
359.8583 -12.3449 -1039.73
359.8750 -12.3449 -949.48
359.8916 -12.3449 -873.10
359.9083 -12.3449 -872.60
359.9250 -12.3449 -955.52
359.9417 -12.3449 -1087.52
359.9583 -12.3449 -1215.77
359.9750 -12.3449 -1300.23
359.9916 -12.3449 -1335.51
359.5083 -12.3612 -1959.05
359.5250 -12.3612 -2091.04
359.5417 -12.3612 -2307.91
359.5583 -12.3612 -2510.04
359.5750 -12.3612 -2578.52
359.5916 -12.3612 -2450.59
359.6083 -12.3612 -2171.62
359.6250 -12.3612 -1856.26
359.6416 -12.3612 -1588.02
359.6583 -12.3612 -1368.87
359.6750 -12.3612 -1174.16
359.6917 -12.3612 -1025.17
359.7083 -12.3612 -973.70
359.7250 -12.3612 -1019.64
359.7416 -12.3612 -1074.30
359.7583 -12.3612 -1030.33
359.7750 -12.3612 -880.19
359.7917 -12.3612 -746.61
359.8083 -12.3612 -762.62
359.8250 -12.3612 -926.76
359.8416 -12.3612 -1108.09
359.8583 -12.3612 -1182.71
359.8750 -12.3612 -1132.36
359.8916 -12.3612 -1030.93
359.9083 -12.3612 -982.13
359.9250 -12.3612 -1064.10
359.9417 -12.3612 -1285.73
359.9583 -12.3612 -1572.53
359.9750 -12.3612 -1816.01
359.9916 -12.3612 -1946.44
359.5083 -12.3775 -1641.16
359.5250 -12.3775 -1847.40
359.5417 -12.3775 -2137.02
359.5583 -12.3775 -2341.78
359.5750 -12.3775 -2355.47
359.5916 -12.3775 -2196.04
359.6083 -12.3775 -1975.27
359.6250 -12.3775 -1797.52
359.6416 -12.3775 -1673.67
359.6583 -12.3775 -1537.27
359.6750 -12.3775 -1352.16
359.6917 -12.3775 -1182.43
359.7083 -12.3775 -1130.96
359.7250 -12.3775 -1215.47
359.7416 -12.3775 -1325.99
359.7583 -12.3775 -1314.58
359.7750 -12.3775 -1143.01
359.7917 -12.3775 -938.90
359.8083 -12.3775 -878.85
359.8250 -12.3775 -1013.29
359.8416 -12.3775 -1227.30
359.8583 -12.3775 -1362.11
359.8750 -12.3775 -1346.69
359.8916 -12.3775 -1233.09
359.9083 -12.3775 -1155.20
359.9250 -12.3775 -1250.58
359.9417 -12.3775 -1567.68
359.9583 -12.3775 -2015.87
359.9750 -12.3775 -2424.35
359.9916 -12.3775 -2656.45
359.5083 -12.3938 -1323.00
359.5250 -12.3938 -1572.19
359.5417 -12.3938 -1909.57
359.5583 -12.3938 -2129.71
359.5750 -12.3938 -2131.72
359.5916 -12.3938 -1980.34
359.6083 -12.3938 -1827.94
359.6250 -12.3938 -1768.48
359.6416 -12.3938 -1758.73
359.6583 -12.3938 -1684.36
359.6750 -12.3938 -1507.82
359.6917 -12.3938 -1332.83
359.7083 -12.3938 -1302.59
359.7250 -12.3938 -1441.72
359.7416 -12.3938 -1614.52
359.7583 -12.3938 -1640.94
359.7750 -12.3938 -1466.93
359.7917 -12.3938 -1224.44
359.8083 -12.3938 -1108.23
359.8250 -12.3938 -1193.27
359.8416 -12.3938 -1381.19
359.8583 -12.3938 -1508.31
359.8750 -12.3938 -1484.45
359.8916 -12.3938 -1351.94
359.9083 -12.3938 -1260.44
359.9250 -12.3938 -1382.21
359.9417 -12.3938 -1791.25
359.9583 -12.3938 -2385.66
359.9750 -12.3938 -2945.45
359.9916 -12.3938 -3273.15
359.5083 -12.4101 -1063.83
359.5250 -12.4101 -1306.54
359.5417 -12.4101 -1645.00
359.5583 -12.4101 -1881.49
359.5750 -12.4101 -1910.52
359.5916 -12.4101 -1794.83
359.6083 -12.4101 -1692.14
359.6250 -12.4101 -1694.87
359.6416 -12.4101 -1744.88
359.6583 -12.4101 -1714.72
359.6750 -12.4101 -1569.80
359.6917 -12.4101 -1427.83
359.7083 -12.4101 -1440.42
359.7250 -12.4101 -1626.17
359.7416 -12.4101 -1837.34
359.7583 -12.4101 -1891.65
359.7750 -12.4101 -1743.69
359.7917 -12.4101 -1526.61
359.8083 -12.4101 -1418.59
359.8250 -12.4101 -1476.90
359.8416 -12.4101 -1605.02
359.8583 -12.4101 -1659.66
359.8750 -12.4101 -1573.20
359.8916 -12.4101 -1399.57
359.9083 -12.4101 -1292.27
359.9250 -12.4101 -1432.44
359.9417 -12.4101 -1906.63
359.9583 -12.4101 -2610.09
359.9750 -12.4101 -3290.34
359.9916 -12.4101 -3698.16
359.5083 -12.4263 -922.26
359.5250 -12.4263 -1113.68
359.5417 -12.4263 -1399.94
359.5583 -12.4263 -1627.35
359.5750 -12.4263 -1687.72
359.5916 -12.4263 -1612.97
359.6083 -12.4263 -1541.35
359.6250 -12.4263 -1569.18
359.6416 -12.4263 -1653.14
359.6583 -12.4263 -1677.31
359.6750 -12.4263 -1604.54
359.6917 -12.4263 -1532.05
359.7083 -12.4263 -1585.89
359.7250 -12.4263 -1776.20
359.7416 -12.4263 -1974.25
359.7583 -12.4263 -2033.35
359.7750 -12.4263 -1934.29
359.7917 -12.4263 -1801.09
359.8083 -12.4263 -1765.88
359.8250 -12.4263 -1835.64
359.8416 -12.4263 -1900.62
359.8583 -12.4263 -1852.21
359.8750 -12.4263 -1674.58
359.8916 -12.4263 -1448.82
359.9083 -12.4263 -1322.42
359.9250 -12.4263 -1464.59
359.9417 -12.4263 -1964.61
359.9583 -12.4263 -2724.36
359.9750 -12.4263 -3478.17
359.9916 -12.4263 -3939.87
359.5083 -12.4426 -906.03
359.5250 -12.4426 -1027.06
359.5417 -12.4426 -1225.96
359.5583 -12.4426 -1403.51
359.5750 -12.4426 -1462.36
359.5916 -12.4426 -1409.72
359.6083 -12.4426 -1361.63
359.6250 -12.4426 -1416.06
359.6416 -12.4426 -1548.20
359.6583 -12.4426 -1656.27
359.6750 -12.4426 -1690.26
359.6917 -12.4426 -1703.26
359.7083 -12.4426 -1777.10
359.7250 -12.4426 -1920.87
359.7416 -12.4426 -2055.22
359.7583 -12.4426 -2095.49
359.7750 -12.4426 -2051.09
359.7917 -12.4426 -2022.08
359.8083 -12.4426 -2079.66
359.8250 -12.4426 -2173.29
359.8416 -12.4426 -2181.17
359.8583 -12.4426 -2036.51
359.8750 -12.4426 -1781.47
359.8916 -12.4426 -1522.47
359.9083 -12.4426 -1389.75
359.9250 -12.4426 -1525.12
359.9417 -12.4426 -2011.25
359.9583 -12.4426 -2763.47
359.9750 -12.4426 -3525.40
359.9916 -12.4426 -4000.00
359.5083 -12.4589 -964.88
359.5250 -12.4589 -1024.05
359.5417 -12.4589 -1130.29
359.5583 -12.4589 -1225.54
359.5750 -12.4589 -1238.76
359.5916 -12.4589 -1180.61
359.6083 -12.4589 -1158.48
359.6250 -12.4589 -1263.55
359.6416 -12.4589 -1471.83
359.6583 -12.4589 -1682.27
359.6750 -12.4589 -1826.52
359.6917 -12.4589 -1913.38
359.7083 -12.4589 -1984.50
359.7250 -12.4589 -2057.01
359.7416 -12.4589 -2110.69
359.7583 -12.4589 -2123.67
359.7750 -12.4589 -2123.33
359.7917 -12.4589 -2174.91
359.8083 -12.4589 -2290.99
359.8250 -12.4589 -2380.35
359.8416 -12.4589 -2327.58
359.8583 -12.4589 -2111.78
359.8750 -12.4589 -1819.83
359.8916 -12.4589 -1566.12
359.9083 -12.4589 -1451.34
359.9250 -12.4589 -1578.06
359.9417 -12.4589 -2011.27
359.9583 -12.4589 -2682.48
359.9750 -12.4589 -3369.58
359.9916 -12.4589 -3801.90
359.5083 -12.4752 -1067.33
359.5250 -12.4752 -1084.58
359.5417 -12.4752 -1112.32
359.5583 -12.4752 -1113.41
359.5750 -12.4752 -1052.26
359.5916 -12.4752 -969.96
359.6083 -12.4752 -980.10
359.6250 -12.4752 -1157.05
359.6416 -12.4752 -1454.23
359.6583 -12.4752 -1754.15
359.6750 -12.4752 -1972.85
359.6917 -12.4752 -2096.46
359.7083 -12.4752 -2150.21
359.7250 -12.4752 -2164.78
359.7416 -12.4752 -2161.79
359.7583 -12.4752 -2156.31
359.7750 -12.4752 -2177.30
359.7917 -12.4752 -2256.51
359.8083 -12.4752 -2366.02
359.8250 -12.4752 -2401.27
359.8416 -12.4752 -2273.75
359.8583 -12.4752 -2006.97
359.8750 -12.4752 -1713.36
359.8916 -12.4752 -1498.03
359.9083 -12.4752 -1423.30
359.9250 -12.4752 -1541.23
359.9417 -12.4752 -1884.59
359.9583 -12.4752 -2399.86
359.9750 -12.4752 -2923.78
359.9916 -12.4752 -3253.53
359.5083 -12.4914 -1270.38
359.5250 -12.4914 -1256.45
359.5417 -12.4914 -1215.77
359.5583 -12.4914 -1122.73
359.5750 -12.4914 -980.39
359.5916 -12.4914 -870.31
359.6083 -12.4914 -915.78
359.6250 -12.4914 -1165.77
359.6416 -12.4914 -1535.43
359.6583 -12.4914 -1879.95
359.6750 -12.4914 -2108.52
359.6917 -12.4914 -2216.34
359.7083 -12.4914 -2243.78
359.7250 -12.4914 -2234.79
359.7416 -12.4914 -2217.29
359.7583 -12.4914 -2203.50
359.7750 -12.4914 -2210.57
359.7917 -12.4914 -2253.24
359.8083 -12.4914 -2293.11
359.8250 -12.4914 -2236.94
359.8416 -12.4914 -2029.23
359.8583 -12.4914 -1725.88
359.8750 -12.4914 -1450.23
359.8916 -12.4914 -1292.48
359.9083 -12.4914 -1273.15
359.9250 -12.4914 -1381.86
359.9417 -12.4914 -1604.55
359.9583 -12.4914 -1901.76
359.9750 -12.4914 -2189.91
359.9916 -12.4914 -2367.81
359.5083 -12.5077 -1658.03
359.5250 -12.5077 -1605.97
359.5417 -12.5077 -1490.13
359.5583 -12.5077 -1304.67
359.5750 -12.5077 -1092.14
359.5916 -12.5077 -965.32
359.6083 -12.5077 -1044.66
359.6250 -12.5077 -1345.78
359.6416 -12.5077 -1742.56
359.6583 -12.5077 -2064.66
359.6750 -12.5077 -2228.49
359.6917 -12.5077 -2267.35
359.7083 -12.5077 -2260.80
359.7250 -12.5077 -2257.72
359.7416 -12.5077 -2253.88
359.7583 -12.5077 -2223.75
359.7750 -12.5077 -2170.08
359.7917 -12.5077 -2118.16
359.8083 -12.5077 -2053.07
359.8250 -12.5077 -1908.27
359.8416 -12.5077 -1649.85
359.8583 -12.5077 -1343.44
359.8750 -12.5077 -1110.74
359.8916 -12.5077 -1026.99
359.9083 -12.5077 -1070.65
359.9250 -12.5077 -1164.32
359.9417 -12.5077 -1245.30
359.9583 -12.5077 -1293.26
359.9750 -12.5077 -1314.27
359.9916 -12.5077 -1320.44
359.5083 -12.5240 -2206.44
359.5250 -12.5240 -2105.99
359.5417 -12.5240 -1909.32
359.5583 -12.5240 -1643.46
359.5750 -12.5240 -1385.77
359.5916 -12.5240 -1260.38
359.6083 -12.5240 -1366.90
359.6250 -12.5240 -1682.79
359.6416 -12.5240 -2047.42
359.6583 -12.5240 -2277.69
359.6750 -12.5240 -2314.35
359.6917 -12.5240 -2247.04
359.7083 -12.5240 -2201.37
359.7250 -12.5240 -2216.12
359.7416 -12.5240 -2227.02
359.7583 -12.5240 -2154.29
359.7750 -12.5240 -1995.57
359.7917 -12.5240 -1814.89
359.8083 -12.5240 -1647.13
359.8250 -12.5240 -1458.09
359.8416 -12.5240 -1216.98
359.8583 -12.5240 -972.46
359.8750 -12.5240 -826.61
359.8916 -12.5240 -833.35
359.9083 -12.5240 -933.60
359.9250 -12.5240 -1000.01
359.9417 -12.5240 -942.03
359.9583 -12.5240 -765.30
359.9750 -12.5240 -552.83
359.9916 -12.5240 -410.37
359.5083 -12.5402 -2753.86
359.5250 -12.5402 -2617.33
359.5417 -12.5402 -2368.04
359.5583 -12.5402 -2060.26
359.5750 -12.5402 -1788.19
359.5916 -12.5402 -1671.05
359.6083 -12.5402 -1784.49
359.6250 -12.5402 -2074.55
359.6416 -12.5402 -2356.93
359.6583 -12.5402 -2449.65
359.6750 -12.5402 -2331.00
359.6917 -12.5402 -2151.07
359.7083 -12.5402 -2073.04
359.7250 -12.5402 -2110.66
359.7416 -12.5402 -2129.83
359.7583 -12.5402 -1998.85
359.7750 -12.5402 -1722.20
359.7917 -12.5402 -1416.62
359.8083 -12.5402 -1175.77
359.8250 -12.5402 -996.87
359.8416 -12.5402 -840.81
359.8583 -12.5402 -720.89
359.8750 -12.5402 -699.44
359.8916 -12.5402 -798.02
359.9083 -12.5402 -934.50
359.9250 -12.5402 -971.34
359.9417 -12.5402 -824.02
359.9583 -12.5402 -519.24
359.9750 -12.5402 -176.54
359.9916 -12.5402 50.00
359.5083 -12.5565 -3112.14
359.5250 -12.5565 -2981.98
359.5417 -12.5565 -2747.63
359.5583 -12.5565 -2458.67
359.5750 -12.5565 -2197.90
359.5916 -12.5565 -2076.05
359.6083 -12.5565 -2162.66
359.6250 -12.5565 -2391.08
359.6416 -12.5565 -2564.97
359.6583 -12.5565 -2512.77
359.6750 -12.5565 -2254.17
359.6917 -12.5565 -1990.33
359.7083 -12.5565 -1905.37
359.7250 -12.5565 -1982.01
359.7416 -12.5565 -2026.51
359.7583 -12.5565 -1867.60
359.7750 -12.5565 -1516.54
359.7917 -12.5565 -1131.14
359.8083 -12.5565 -851.81
359.8250 -12.5565 -703.50
359.8416 -12.5565 -643.02
359.8583 -12.5565 -650.91
359.8750 -12.5565 -744.37
359.8916 -12.5565 -910.21
359.9083 -12.5565 -1063.99
359.9250 -12.5565 -1097.93
359.9417 -12.5565 -957.00
359.9583 -12.5565 -668.46
359.9750 -12.5565 -335.49
359.9916 -12.5565 -108.92
359.5083 -12.5728 -3193.92
359.5250 -12.5728 -3116.74
359.5417 -12.5728 -2964.97
359.5583 -12.5728 -2748.46
359.5750 -12.5728 -2518.13
359.5916 -12.5728 -2380.75
359.6083 -12.5728 -2417.26
359.6250 -12.5728 -2564.35
359.6416 -12.5728 -2626.93
359.6583 -12.5728 -2454.72
359.6750 -12.5728 -2106.08
359.6917 -12.5728 -1811.66
359.7083 -12.5728 -1756.08
359.7250 -12.5728 -1897.09
359.7416 -12.5728 -2008.89
359.7583 -12.5728 -1897.01
359.7750 -12.5728 -1563.90
359.7917 -12.5728 -1172.95
359.8083 -12.5728 -881.62
359.8250 -12.5728 -735.60
359.8416 -12.5728 -703.94
359.8583 -12.5728 -761.45
359.8750 -12.5728 -902.22
359.8916 -12.5728 -1092.11
359.9083 -12.5728 -1257.70
359.9250 -12.5728 -1333.80
359.9417 -12.5728 -1294.53
359.9583 -12.5728 -1145.76
359.9750 -12.5728 -937.55
359.9916 -12.5728 -780.14
359.5083 -12.5890 -3048.89
359.5250 -12.5890 -3038.54
359.5417 -12.5890 -2987.01
359.5583 -12.5890 -2858.09
359.5750 -12.5890 -2673.25
359.5916 -12.5890 -2535.64
359.6083 -12.5890 -2531.21
359.6250 -12.5890 -2600.67
359.6416 -12.5890 -2567.93
359.6583 -12.5890 -2322.60
359.6750 -12.5890 -1955.13
359.6917 -12.5890 -1693.60
359.7083 -12.5890 -1699.01
359.7250 -12.5890 -1917.06
359.7416 -12.5890 -2127.32
359.7583 -12.5890 -2133.41
359.7750 -12.5890 -1912.08
359.7917 -12.5890 -1591.39
359.8083 -12.5890 -1309.22
359.8250 -12.5890 -1118.04
359.8416 -12.5890 -1014.30
359.8583 -12.5890 -1004.57
359.8750 -12.5890 -1100.10
359.8916 -12.5890 -1268.39
359.9083 -12.5890 -1444.73
359.9250 -12.5890 -1588.68
359.9417 -12.5890 -1686.76
359.9583 -12.5890 -1717.03
359.9750 -12.5890 -1672.40
359.9916 -12.5890 -1610.48
359.5083 -12.6053 -2810.63
359.5250 -12.6053 -2838.63
359.5417 -12.6053 -2844.76
359.5583 -12.6053 -2773.68
359.5750 -12.6053 -2637.08
359.5916 -12.6053 -2525.81
359.6083 -12.6053 -2505.83
359.6250 -12.6053 -2515.83
359.6416 -12.6053 -2419.93
359.6583 -12.6053 -2165.26
359.6750 -12.6053 -1859.81
359.6917 -12.6053 -1692.43
359.7083 -12.6053 -1777.49
359.7250 -12.6053 -2060.67
359.7416 -12.6053 -2359.99
359.7583 -12.6053 -2501.15
359.7750 -12.6053 -2433.05
359.7917 -12.6053 -2225.79
359.8083 -12.6053 -1970.41
359.8250 -12.6053 -1708.89
359.8416 -12.6053 -1468.64
359.8583 -12.6053 -1312.74
359.8750 -12.6053 -1300.66
359.8916 -12.6053 -1416.88
359.9083 -12.6053 -1593.46
359.9250 -12.6053 -1787.68
359.9417 -12.6053 -1984.26
359.9583 -12.6053 -2145.37
359.9750 -12.6053 -2227.98
359.9916 -12.6053 -2245.20
359.5083 -12.6216 -2605.60
359.5250 -12.6216 -2629.15
359.5417 -12.6216 -2630.89
359.5583 -12.6216 -2569.12
359.5750 -12.6216 -2462.05
359.5916 -12.6216 -2377.34
359.6083 -12.6216 -2345.32
359.6250 -12.6216 -2307.94
359.6416 -12.6216 -2187.08
359.6583 -12.6216 -1987.74
359.6750 -12.6216 -1811.09
359.6917 -12.6216 -1779.07
359.7083 -12.6216 -1949.31
359.7250 -12.6216 -2274.49
359.7416 -12.6216 -2624.43
359.7583 -12.6216 -2860.68
359.7750 -12.6216 -2916.46
359.7917 -12.6216 -2810.10
359.8083 -12.6216 -2583.48
359.8250 -12.6216 -2261.22
359.8416 -12.6216 -1896.10
359.8583 -12.6216 -1605.46
359.8750 -12.6216 -1495.47
359.8916 -12.6216 -1562.49
359.9083 -12.6216 -1723.61
359.9250 -12.6216 -1921.74
359.9417 -12.6216 -2143.37
359.9583 -12.6216 -2358.03
359.9750 -12.6216 -2511.68
359.9916 -12.6216 -2581.54
359.5083 -12.6378 -2466.41
359.5250 -12.6378 -2465.05
359.5417 -12.6378 -2432.96
359.5583 -12.6378 -2352.43
359.5750 -12.6378 -2247.21
359.5916 -12.6378 -2157.23
359.6083 -12.6378 -2086.20
359.6250 -12.6378 -1998.90
359.6416 -12.6378 -1880.22
359.6583 -12.6378 -1772.89
359.6750 -12.6378 -1746.75
359.6917 -12.6378 -1852.04
359.7083 -12.6378 -2099.57
359.7250 -12.6378 -2450.83
359.7416 -12.6378 -2815.40
359.7583 -12.6378 -3083.74
359.7750 -12.6378 -3186.84
359.7917 -12.6378 -3118.50
359.8083 -12.6378 -2896.97
359.8250 -12.6378 -2543.12
359.8416 -12.6378 -2129.44
359.8583 -12.6378 -1800.37
359.8750 -12.6378 -1672.38
359.8916 -12.6378 -1727.95
359.9083 -12.6378 -1863.20
359.9250 -12.6378 -2018.48
359.9417 -12.6378 -2206.51
359.9583 -12.6378 -2430.68
359.9750 -12.6378 -2637.45
359.9916 -12.6378 -2758.51
359.5083 -12.6541 -2310.45
359.5250 -12.6541 -2294.69
359.5417 -12.6541 -2244.12
359.5583 -12.6541 -2152.25
359.5750 -12.6541 -2036.38
359.5916 -12.6541 -1913.05
359.6083 -12.6541 -1781.63
359.6250 -12.6541 -1647.11
359.6416 -12.6541 -1546.88
359.6583 -12.6541 -1532.44
359.6750 -12.6541 -1629.22
359.6917 -12.6541 -1833.25
359.7083 -12.6541 -2132.84
359.7250 -12.6541 -2498.52
359.7416 -12.6541 -2855.78
359.7583 -12.6541 -3103.83
359.7750 -12.6541 -3176.62
359.7917 -12.6541 -3072.12
359.8083 -12.6541 -2822.28
359.8250 -12.6541 -2471.63
359.8416 -12.6541 -2109.31
359.8583 -12.6541 -1867.26
359.8750 -12.6541 -1819.55
359.8916 -12.6541 -1903.40
359.9083 -12.6541 -1998.16
359.9250 -12.6541 -2070.37
359.9417 -12.6541 -2192.70
359.9583 -12.6541 -2422.94
359.9750 -12.6541 -2704.15
359.9916 -12.6541 -2898.48
359.5083 -12.6704 -2040.98
359.5250 -12.6704 -2028.59
359.5417 -12.6704 -1984.57
359.5583 -12.6704 -1899.02
359.5750 -12.6704 -1777.77
359.5916 -12.6704 -1625.75
359.6083 -12.6704 -1454.44
359.6250 -12.6704 -1308.26
359.6416 -12.6704 -1252.71
359.6583 -12.6704 -1321.06
359.6750 -12.6704 -1492.00
359.6917 -12.6704 -1732.66
359.7083 -12.6704 -2036.71
359.7250 -12.6704 -2391.05
359.7416 -12.6704 -2725.22
359.7583 -12.6704 -2932.12
359.7750 -12.6704 -2943.09
359.7917 -12.6704 -2769.89
359.8083 -12.6704 -2481.92
359.8250 -12.6704 -2170.11
359.8416 -12.6704 -1936.83
359.8583 -12.6704 -1865.79
359.8750 -12.6704 -1947.71
359.8916 -12.6704 -2059.73
359.9083 -12.6704 -2080.30
359.9250 -12.6704 -2029.89
359.9417 -12.6704 -2061.16
359.9583 -12.6704 -2291.10
359.9750 -12.6704 -2652.62
359.9916 -12.6704 -2927.25
359.5083 -12.6866 -1694.26
359.5250 -12.6866 -1683.18
359.5417 -12.6866 -1640.00
359.5583 -12.6866 -1553.13
359.5750 -12.6866 -1427.76
359.5916 -12.6866 -1272.76
359.6083 -12.6866 -1115.27
359.6250 -12.6866 -1020.11
359.6416 -12.6866 -1049.54
359.6583 -12.6866 -1196.54
359.6750 -12.6866 -1394.52
359.6917 -12.6866 -1602.88
359.7083 -12.6866 -1846.78
359.7250 -12.6866 -2149.40
359.7416 -12.6866 -2453.78
359.7583 -12.6866 -2642.20
359.7750 -12.6866 -2626.61
359.7917 -12.6866 -2415.99
359.8083 -12.6866 -2114.50
359.8250 -12.6866 -1865.45
359.8416 -12.6866 -1780.83
359.8583 -12.6866 -1881.08
359.8750 -12.6866 -2066.87
359.8916 -12.6866 -2168.78
359.9083 -12.6866 -2084.01
359.9250 -12.6866 -1891.06
359.9417 -12.6866 -1807.84
359.9583 -12.6866 -1995.68
359.9750 -12.6866 -2383.50
359.9916 -12.6866 -2699.07
359.5083 -12.7029 -1439.87
359.5250 -12.7029 -1405.05
359.5417 -12.7029 -1323.18
359.5583 -12.7029 -1198.63
359.5750 -12.7029 -1055.46
359.5916 -12.7029 -918.02
359.6083 -12.7029 -822.12
359.6250 -12.7029 -827.86
359.6416 -12.7029 -966.94
359.6583 -12.7029 -1179.60
359.6750 -12.7029 -1359.90
359.6917 -12.7029 -1476.53
359.7083 -12.7029 -1607.09
359.7250 -12.7029 -1832.08
359.7416 -12.7029 -2122.13
359.7583 -12.7029 -2344.88
359.7750 -12.7029 -2370.10
359.7917 -12.7029 -2177.54
359.8083 -12.7029 -1889.72
359.8250 -12.7029 -1695.76
359.8416 -12.7029 -1716.49
359.8583 -12.7029 -1919.82
359.8750 -12.7029 -2145.01
359.8916 -12.7029 -2209.47
359.9083 -12.7029 -2038.58
359.9250 -12.7029 -1739.13
359.9417 -12.7029 -1544.43
359.9583 -12.7029 -1632.04
359.9750 -12.7029 -1949.70
359.9916 -12.7029 -2232.34
359.5083 -12.7191 -1401.65
359.5250 -12.7191 -1317.59
359.5417 -12.7191 -1158.44
359.5583 -12.7191 -963.25
359.5750 -12.7191 -789.54
359.5916 -12.7191 -678.98
359.6083 -12.7191 -662.94
359.6250 -12.7191 -776.70
359.6416 -12.7191 -1009.58
359.6583 -12.7191 -1254.57
359.6750 -12.7191 -1382.50
359.6917 -12.7191 -1384.63
359.7083 -12.7191 -1396.34
359.7250 -12.7191 -1557.02
359.7416 -12.7191 -1862.42
359.7583 -12.7191 -2154.97
359.7750 -12.7191 -2248.05
359.7917 -12.7191 -2083.64
359.8083 -12.7191 -1798.13
359.8250 -12.7191 -1619.75
359.8416 -12.7191 -1677.69
359.8583 -12.7191 -1908.52
359.8750 -12.7191 -2129.69
359.8916 -12.7191 -2176.32
359.9083 -12.7191 -1995.64
359.9250 -12.7191 -1676.51
359.9417 -12.7191 -1410.13
359.9583 -12.7191 -1363.20
359.9750 -12.7191 -1528.56
359.9916 -12.7191 -1711.28
359.5083 -12.7354 -1509.45
359.5250 -12.7354 -1380.35
359.5417 -12.7354 -1149.53
359.5583 -12.7354 -890.07
359.5750 -12.7354 -693.48
359.5916 -12.7354 -614.52
359.6083 -12.7354 -670.02
359.6250 -12.7354 -863.36
359.6416 -12.7354 -1149.16
359.6583 -12.7354 -1395.95
359.6750 -12.7354 -1472.20
359.6917 -12.7354 -1392.63
359.7083 -12.7354 -1331.40
359.7250 -12.7354 -1463.30
359.7416 -12.7354 -1792.46
359.7583 -12.7354 -2128.94
359.7750 -12.7354 -2237.06
359.7917 -12.7354 -2041.64
359.8083 -12.7354 -1709.11
359.8250 -12.7354 -1504.76
359.8416 -12.7354 -1559.67
359.8583 -12.7354 -1789.10
359.8750 -12.7354 -2010.66
359.8916 -12.7354 -2087.17
359.9083 -12.7354 -1973.44
359.9250 -12.7354 -1710.45
359.9417 -12.7354 -1417.73
359.9583 -12.7354 -1237.13
359.9750 -12.7354 -1218.43
359.9916 -12.7354 -1270.29
359.5083 -12.7517 -1567.24
359.5250 -12.7517 -1439.76
359.5417 -12.7517 -1203.69
359.5583 -12.7517 -934.97
359.5750 -12.7517 -742.44
359.5916 -12.7517 -692.42
359.6083 -12.7517 -793.12
359.6250 -12.7517 -1027.70
359.6416 -12.7517 -1336.47
359.6583 -12.7517 -1586.95
359.6750 -12.7517 -1654.32
359.6917 -12.7517 -1559.21
359.7083 -12.7517 -1479.88
359.7250 -12.7517 -1596.25
359.7416 -12.7517 -1909.70
359.7583 -12.7517 -2208.57
359.7750 -12.7517 -2236.56
359.7917 -12.7517 -1934.63
359.8083 -12.7517 -1516.82
359.8250 -12.7517 -1278.68
359.8416 -12.7517 -1338.46
359.8583 -12.7517 -1585.51
359.8750 -12.7517 -1836.83
359.8916 -12.7517 -1973.82
359.9083 -12.7517 -1948.64
359.9250 -12.7517 -1756.43
359.9417 -12.7517 -1453.97
359.9583 -12.7517 -1157.94
359.9750 -12.7517 -966.65
359.9916 -12.7517 -890.59
359.5083 -12.7679 -1456.58
359.5250 -12.7679 -1397.77
359.5417 -12.7679 -1253.26
359.5583 -12.7679 -1053.85
359.5750 -12.7679 -897.34
359.5916 -12.7679 -863.76
359.6083 -12.7679 -974.96
359.6250 -12.7679 -1220.00
359.6416 -12.7679 -1544.69
359.6583 -12.7679 -1823.21
359.6750 -12.7679 -1928.12
359.6917 -12.7679 -1862.13
359.7083 -12.7679 -1780.85
359.7250 -12.7679 -1852.72
359.7416 -12.7679 -2079.79
359.7583 -12.7679 -2255.56
359.7750 -12.7679 -2140.50
359.7917 -12.7679 -1714.74
359.8083 -12.7679 -1233.82
359.8250 -12.7679 -999.29
359.8416 -12.7679 -1097.56
359.8583 -12.7679 -1387.04
359.8750 -12.7679 -1681.19
359.8916 -12.7679 -1871.46
359.9083 -12.7679 -1906.69
359.9250 -12.7679 -1756.23
359.9417 -12.7679 -1439.78
359.9583 -12.7679 -1053.47
359.9750 -12.7679 -724.69
359.9916 -12.7679 -543.37
359.5083 -12.7842 -1261.79
359.5250 -12.7842 -1312.06
359.5417 -12.7842 -1322.04
359.5583 -12.7842 -1247.89
359.5750 -12.7842 -1151.90
359.5916 -12.7842 -1124.83
359.6083 -12.7842 -1219.90
359.6250 -12.7842 -1453.42
359.6416 -12.7842 -1786.16
359.6583 -12.7842 -2093.75
359.6750 -12.7842 -2234.39
359.6917 -12.7842 -2184.54
359.7083 -12.7842 -2074.47
359.7250 -12.7842 -2059.52
359.7416 -12.7842 -2147.78
359.7583 -12.7842 -2162.43
359.7750 -12.7842 -1912.62
359.7917 -12.7842 -1423.73
359.8083 -12.7842 -961.82
359.8250 -12.7842 -794.19
359.8416 -12.7842 -957.39
359.8583 -12.7842 -1285.98
359.8750 -12.7842 -1603.20
359.8916 -12.7842 -1817.89
359.9083 -12.7842 -1882.27
359.9250 -12.7842 -1754.41
359.9417 -12.7842 -1433.56
359.9583 -12.7842 -998.16
359.9750 -12.7842 -586.15
359.9916 -12.7842 -337.30
359.5083 -12.8004 -1203.61
359.5250 -12.8004 -1343.60
359.5417 -12.8004 -1488.95
359.5583 -12.8004 -1535.78
359.5750 -12.8004 -1506.29
359.5916 -12.8004 -1488.31
359.6083 -12.8004 -1557.88
359.6250 -12.8004 -1756.80
359.6416 -12.8004 -2060.27
359.6583 -12.8004 -2345.53
359.6750 -12.8004 -2462.74
359.6917 -12.8004 -2376.98
359.7083 -12.8004 -2207.07
359.7250 -12.8004 -2095.29
359.7416 -12.8004 -2048.16
359.7583 -12.8004 -1924.22
359.7750 -12.8004 -1598.24
359.7917 -12.8004 -1139.00
359.8083 -12.8004 -789.26
359.8250 -12.8004 -743.26
359.8416 -12.8004 -975.97
359.8583 -12.8004 -1315.13
359.8750 -12.8004 -1619.74
359.8916 -12.8004 -1834.69
359.9083 -12.8004 -1923.44
359.9250 -12.8004 -1834.23
359.9417 -12.8004 -1547.43
359.9583 -12.8004 -1124.11
359.9750 -12.8004 -699.94
359.9916 -12.8004 -433.65
359.5083 -12.8167 -1431.38
359.5250 -12.8167 -1595.78
359.5417 -12.8167 -1789.90
359.5583 -12.8167 -1897.36
359.5750 -12.8167 -1915.29
359.5916 -12.8167 -1909.88
359.6083 -12.8167 -1949.74
359.6250 -12.8167 -2081.86
359.6416 -12.8167 -2294.30
359.6583 -12.8167 -2480.91
359.6750 -12.8167 -2507.75
359.6917 -12.8167 -2351.09
359.7083 -12.8167 -2128.36
359.7250 -12.8167 -1960.46
359.7416 -12.8167 -1833.41
359.7583 -12.8167 -1629.14
359.7750 -12.8167 -1288.56
359.7917 -12.8167 -922.16
359.8083 -12.8167 -733.67
359.8250 -12.8167 -826.19
359.8416 -12.8167 -1111.84
359.8583 -12.8167 -1427.78
359.8750 -12.8167 -1689.22
359.8916 -12.8167 -1892.07
359.9083 -12.8167 -2017.02
359.9250 -12.8167 -1999.80
359.9417 -12.8167 -1796.76
359.9583 -12.8167 -1448.78
359.9750 -12.8167 -1080.02
359.9916 -12.8167 -842.99
359.5083 -12.8329 -1852.22
359.5250 -12.8329 -1978.29
359.5417 -12.8329 -2134.35
359.5583 -12.8329 -2235.40
359.5750 -12.8329 -2270.49
359.5916 -12.8329 -2269.60
359.6083 -12.8329 -2267.92
359.6250 -12.8329 -2302.50
359.6416 -12.8329 -2379.20
359.6583 -12.8329 -2428.03
359.6750 -12.8329 -2352.03
359.6917 -12.8329 -2148.77
359.7083 -12.8329 -1929.11
359.7250 -12.8329 -1777.84
359.7416 -12.8329 -1643.83
359.7583 -12.8329 -1417.26
359.7750 -12.8329 -1094.93
359.7917 -12.8329 -826.72
359.8083 -12.8329 -782.07
359.8250 -12.8329 -981.91
359.8416 -12.8329 -1285.86
359.8583 -12.8329 -1547.67
359.8750 -12.8329 -1741.52
359.8916 -12.8329 -1917.85
359.9083 -12.8329 -2081.31
359.9250 -12.8329 -2158.41
359.9417 -12.8329 -2076.67
359.9583 -12.8329 -1847.78
359.9750 -12.8329 -1574.53
359.9916 -12.8329 -1391.71
359.5083 -12.8492 -2183.43
359.5250 -12.8492 -2248.62
359.5417 -12.8492 -2335.96
359.5583 -12.8492 -2407.39
359.5750 -12.8492 -2447.73
359.5916 -12.8492 -2444.36
359.6083 -12.8492 -2394.65
359.6250 -12.8492 -2330.29
359.6416 -12.8492 -2283.83
359.6583 -12.8492 -2228.15
359.6750 -12.8492 -2104.69
359.6917 -12.8492 -1925.65
359.7083 -12.8492 -1781.88
359.7250 -12.8492 -1711.46
359.7416 -12.8492 -1622.98
359.7583 -12.8492 -1409.43
359.7750 -12.8492 -1109.75
359.7917 -12.8492 -904.08
359.8083 -12.8492 -938.69
359.8250 -12.8492 -1178.76
359.8416 -12.8492 -1452.01
359.8583 -12.8492 -1629.19
359.8750 -12.8492 -1731.10
359.8916 -12.8492 -1856.44
359.9083 -12.8492 -2041.14
359.9250 -12.8492 -2212.48
359.9417 -12.8492 -2267.43
359.9583 -12.8492 -2175.23
359.9750 -12.8492 -2006.39
359.9916 -12.8492 -1879.07
359.5083 -12.8654 -2201.37
359.5250 -12.8654 -2221.45
359.5417 -12.8654 -2263.58
359.5583 -12.8654 -2327.35
359.5750 -12.8654 -2388.43
359.5916 -12.8654 -2395.12
359.6083 -12.8654 -2319.83
359.6250 -12.8654 -2202.74
359.6416 -12.8654 -2104.56
359.6583 -12.8654 -2027.86
359.6750 -12.8654 -1935.41
359.6917 -12.8654 -1841.27
359.7083 -12.8654 -1809.90
359.7250 -12.8654 -1836.83
359.7416 -12.8654 -1804.14
359.7583 -12.8654 -1614.58
359.7750 -12.8654 -1335.57
359.7917 -12.8654 -1156.22
359.8083 -12.8654 -1199.76
359.8250 -12.8654 -1403.49
359.8416 -12.8654 -1592.80
359.8583 -12.8654 -1660.72
359.8750 -12.8654 -1658.36
359.8916 -12.8654 -1715.94
359.9083 -12.8654 -1898.27
359.9250 -12.8654 -2142.11
359.9417 -12.8654 -2319.64
359.9583 -12.8654 -2353.28
359.9750 -12.8654 -2275.68
359.9916 -12.8654 -2192.68
359.5083 -12.8817 -1919.32
359.5250 -12.8817 -1922.18
359.5417 -12.8817 -1954.37
359.5583 -12.8817 -2035.20
359.5750 -12.8817 -2132.84
359.5916 -12.8817 -2173.45
359.6083 -12.8817 -2121.67
359.6250 -12.8817 -2030.05
359.6416 -12.8817 -1972.69
359.6583 -12.8817 -1955.80
359.6750 -12.8817 -1941.14
359.6917 -12.8817 -1937.19
359.7083 -12.8817 -1991.24
359.7250 -12.8817 -2078.06
359.7416 -12.8817 -2077.89
359.7583 -12.8817 -1914.16
359.7750 -12.8817 -1667.21
359.7917 -12.8817 -1504.38
359.8083 -12.8817 -1511.67
359.8250 -12.8817 -1618.39
359.8416 -12.8817 -1683.18
359.8583 -12.8817 -1639.83
359.8750 -12.8817 -1557.20
359.8916 -12.8817 -1566.19
359.9083 -12.8817 -1736.30
359.9250 -12.8817 -2012.66
359.9417 -12.8817 -2260.07
359.9583 -12.8817 -2372.51
359.9750 -12.8817 -2353.55
359.9916 -12.8817 -2298.55
359.5083 -12.8979 -1522.89
359.5250 -12.8979 -1527.88
359.5417 -12.8979 -1564.32
359.5583 -12.8979 -1654.97
359.5750 -12.8979 -1774.11
359.5916 -12.8979 -1854.53
359.6083 -12.8979 -1867.65
359.6250 -12.8979 -1867.00
359.6416 -12.8979 -1913.97
359.6583 -12.8979 -1992.94
359.6750 -12.8979 -2050.18
359.6917 -12.8979 -2092.11
359.7083 -12.8979 -2171.00
359.7250 -12.8979 -2270.41
359.7416 -12.8979 -2288.21
359.7583 -12.8979 -2166.87
359.7750 -12.8979 -1978.95
359.7917 -12.8979 -1844.10
359.8083 -12.8979 -1799.18
359.8250 -12.8979 -1779.39
359.8416 -12.8979 -1707.98
359.8583 -12.8979 -1582.81
359.8750 -12.8979 -1482.26
359.8916 -12.8979 -1499.28
359.9083 -12.8979 -1667.61
359.9250 -12.8979 -1929.55
359.9417 -12.8979 -2166.08
359.9583 -12.8979 -2279.58
359.9750 -12.8979 -2268.59
359.9916 -12.8979 -2219.97
359.5083 -12.9142 -1195.21
359.5250 -12.9142 -1208.60
359.5417 -12.9142 -1241.09
359.5583 -12.9142 -1306.39
359.5750 -12.9142 -1400.12
359.5916 -12.9142 -1489.67
359.6083 -12.9142 -1564.56
359.6250 -12.9142 -1666.00
359.6416 -12.9142 -1821.00
359.6583 -12.9142 -1977.62
359.6750 -12.9142 -2064.42
359.6917 -12.9142 -2098.46
359.7083 -12.9142 -2162.77
359.7250 -12.9142 -2272.27
359.7416 -12.9142 -2341.29
359.7583 -12.9142 -2306.68
359.7750 -12.9142 -2208.55
359.7917 -12.9142 -2113.59
359.8083 -12.9142 -2019.65
359.8250 -12.9142 -1880.46
359.8416 -12.9142 -1695.11
359.8583 -12.9142 -1533.67
359.8750 -12.9142 -1478.26
359.8916 -12.9142 -1558.56
359.9083 -12.9142 -1742.28
359.9250 -12.9142 -1956.67
359.9417 -12.9142 -2113.66
359.9583 -12.9142 -2154.78
359.9750 -12.9142 -2099.06
359.9916 -12.9142 -2032.34
359.5083 -12.9304 -1038.84
359.5250 -12.9304 -1058.94
359.5417 -12.9304 -1073.69
359.5583 -12.9304 -1078.66
359.5750 -12.9304 -1093.78
359.5916 -12.9304 -1133.76
359.6083 -12.9304 -1216.69
359.6250 -12.9304 -1372.99
359.6416 -12.9304 -1590.97
359.6583 -12.9304 -1778.66
359.6750 -12.9304 -1848.65
359.6917 -12.9304 -1840.21
359.7083 -12.9304 -1885.80
359.7250 -12.9304 -2041.90
359.7416 -12.9304 -2223.28
359.7583 -12.9304 -2325.37
359.7750 -12.9304 -2334.40
359.7917 -12.9304 -2279.90
359.8083 -12.9304 -2152.24
359.8250 -12.9304 -1933.36
359.8416 -12.9304 -1680.99
359.8583 -12.9304 -1518.24
359.8750 -12.9304 -1527.07
359.8916 -12.9304 -1680.13
359.9083 -12.9304 -1883.36
359.9250 -12.9304 -2046.80
359.9417 -12.9304 -2109.14
359.9583 -12.9304 -2052.16
359.9750 -12.9304 -1924.19
359.9916 -12.9304 -1821.76
359.5083 -12.9466 -1099.71
359.5250 -12.9466 -1122.90
359.5417 -12.9466 -1114.01
359.5583 -12.9466 -1045.16
359.5750 -12.9466 -949.11
359.5916 -12.9466 -882.72
359.6083 -12.9466 -903.25
359.6250 -12.9466 -1048.86
359.6416 -12.9466 -1280.10
359.6583 -12.9466 -1463.82
359.6750 -12.9466 -1491.35
359.6917 -12.9466 -1422.35
359.7083 -12.9466 -1442.69
359.7250 -12.9466 -1655.11
359.7416 -12.9466 -1968.29
359.7583 -12.9466 -2216.79
359.7750 -12.9466 -2323.28
359.7917 -12.9466 -2300.67
359.8083 -12.9466 -2162.95
359.8250 -12.9466 -1921.18
359.8416 -12.9466 -1655.00
359.8583 -12.9466 -1503.23
359.8750 -12.9466 -1546.48
359.8916 -12.9466 -1733.74
359.9083 -12.9466 -1944.76
359.9250 -12.9466 -2081.88
359.9417 -12.9466 -2091.96
359.9583 -12.9466 -1969.86
359.9750 -12.9466 -1780.61
359.9916 -12.9466 -1640.48
359.5083 -12.9629 -1366.03
359.5250 -12.9629 -1388.80
359.5417 -12.9629 -1358.55
359.5583 -12.9629 -1224.63
359.5750 -12.9629 -1017.20
359.5916 -12.9629 -821.38
359.6083 -12.9629 -739.93
359.6250 -12.9629 -838.89
359.6416 -12.9629 -1063.91
359.6583 -12.9629 -1238.53
359.6750 -12.9629 -1221.71
359.6917 -12.9629 -1078.71
359.7083 -12.9629 -1038.12
359.7250 -12.9629 -1252.94
359.7416 -12.9629 -1641.42
359.7583 -12.9629 -1988.95
359.7750 -12.9629 -2159.81
359.7917 -12.9629 -2159.95
359.8083 -12.9629 -2037.63
359.8250 -12.9629 -1823.44
359.8416 -12.9629 -1583.85
359.8583 -12.9629 -1440.47
359.8750 -12.9629 -1474.80
359.8916 -12.9629 -1649.26
359.9083 -12.9629 -1856.28
359.9250 -12.9629 -2001.36
359.9417 -12.9629 -2020.02
359.9583 -12.9629 -1889.30
359.9750 -12.9629 -1671.40
359.9916 -12.9629 -1504.32
359.5083 -12.9791 -1725.49
359.5250 -12.9791 -1744.80
359.5417 -12.9791 -1698.27
359.5583 -12.9791 -1518.99
359.5750 -12.9791 -1226.86
359.5916 -12.9791 -922.25
359.6083 -12.9791 -748.97
359.6250 -12.9791 -806.23
359.6416 -12.9791 -1031.38
359.6583 -12.9791 -1207.56
359.6750 -12.9791 -1157.63
359.6917 -12.9791 -938.14
359.7083 -12.9791 -802.80
359.7250 -12.9791 -952.37
359.7416 -12.9791 -1335.08
359.7583 -12.9791 -1715.53
359.7750 -12.9791 -1915.70
359.7917 -12.9791 -1933.77
359.8083 -12.9791 -1842.66
359.8250 -12.9791 -1679.26
359.8416 -12.9791 -1480.82
359.8583 -12.9791 -1340.11
359.8750 -12.9791 -1343.38
359.8916 -12.9791 -1484.95
359.9083 -12.9791 -1686.83
359.9250 -12.9791 -1860.40
359.9417 -12.9791 -1920.80
359.9583 -12.9791 -1815.17
359.9750 -12.9791 -1593.71
359.9916 -12.9791 -1412.19
359.5083 -12.9954 -1983.47
359.5250 -12.9954 -1999.17
359.5417 -12.9954 -1943.19
359.5583 -12.9954 -1741.00
359.5750 -12.9954 -1404.60
359.5916 -12.9954 -1040.72
359.6083 -12.9954 -817.46
359.6250 -12.9954 -855.20
359.6416 -12.9954 -1086.44
359.6583 -12.9954 -1269.00
359.6750 -12.9954 -1201.71
359.6917 -12.9954 -930.88
359.7083 -12.9954 -720.15
359.7250 -12.9954 -800.65
359.7416 -12.9954 -1148.63
359.7583 -12.9954 -1526.83
359.7750 -12.9954 -1735.60
359.7917 -12.9954 -1765.72
359.8083 -12.9954 -1700.19
359.8250 -12.9954 -1574.93
359.8416 -12.9954 -1405.27
359.8583 -12.9954 -1264.32
359.8750 -12.9954 -1243.50
359.8916 -12.9954 -1361.67
359.9083 -12.9954 -1562.21
359.9250 -12.9954 -1759.28
359.9417 -12.9954 -1852.84
359.9583 -12.9954 -1769.68
359.9750 -12.9954 -1551.42
359.9916 -12.9954 -1363.91
